#! /c/Source/iverilog-install/bin/vvp
:ivl_version "12.0 (devel)" "(s20150603-1539-g2693dd32b)";
:ivl_delay_selection "TYPICAL";
:vpi_time_precision + 0;
:vpi_module "C:\iverilog\lib\ivl\system.vpi";
:vpi_module "C:\iverilog\lib\ivl\vhdl_sys.vpi";
:vpi_module "C:\iverilog\lib\ivl\vhdl_textio.vpi";
:vpi_module "C:\iverilog\lib\ivl\v2005_math.vpi";
:vpi_module "C:\iverilog\lib\ivl\va_math.vpi";
S_000002b5f86e4b40 .scope module, "HazardDetectionUnit" "HazardDetectionUnit" 2 1;
 .timescale 0 0;
    .port_info 0 /INPUT 5 "ID_EX_rd";
    .port_info 1 /INPUT 1 "ID_EX_memRead";
    .port_info 2 /INPUT 5 "IF_ID_rs1";
    .port_info 3 /INPUT 5 "IF_ID_rs2";
    .port_info 4 /OUTPUT 1 "PC_write";
    .port_info 5 /OUTPUT 1 "IF_ID_write";
    .port_info 6 /OUTPUT 1 "control_mux";
o000002b5f871a438 .functor BUFZ 1, C4<z>; HiZ drive
v000002b5f86c8f00_0 .net "ID_EX_memRead", 0 0, o000002b5f871a438;  0 drivers
o000002b5f871a468 .functor BUFZ 5, C4<zzzzz>; HiZ drive
v000002b5f86c9c20_0 .net "ID_EX_rd", 4 0, o000002b5f871a468;  0 drivers
o000002b5f871a498 .functor BUFZ 5, C4<zzzzz>; HiZ drive
v000002b5f86c8140_0 .net "IF_ID_rs1", 4 0, o000002b5f871a498;  0 drivers
o000002b5f871a4c8 .functor BUFZ 5, C4<zzzzz>; HiZ drive
v000002b5f86c8c80_0 .net "IF_ID_rs2", 4 0, o000002b5f871a4c8;  0 drivers
v000002b5f86c8280_0 .var "IF_ID_write", 0 0;
v000002b5f86c8fa0_0 .var "PC_write", 0 0;
v000002b5f86c9680_0 .var "control_mux", 0 0;
E_000002b5f86b3450 .event anyedge, v000002b5f86c8f00_0, v000002b5f86c9c20_0, v000002b5f86c8140_0, v000002b5f86c8c80_0;
S_000002b5f86e4cd0 .scope module, "ID_stage" "ID_stage" 3 4;
 .timescale 0 0;
    .port_info 0 /INPUT 1 "clk";
    .port_info 1 /INPUT 1 "reset";
    .port_info 2 /INPUT 5 "wb_rd";
    .port_info 3 /INPUT 1 "wb_RegWrite";
    .port_info 4 /INPUT 32 "wb_write_data";
    .port_info 5 /INPUT 32 "instruction";
    .port_info 6 /INPUT 32 "pc_in";
    .port_info 7 /OUTPUT 32 "read_data1";
    .port_info 8 /OUTPUT 32 "read_data2";
    .port_info 9 /OUTPUT 32 "imm";
    .port_info 10 /OUTPUT 5 "rs1";
    .port_info 11 /OUTPUT 5 "rs2";
    .port_info 12 /OUTPUT 5 "rd";
o000002b5f871aa68 .functor BUFZ 1, C4<z>; HiZ drive
v000002b5f87570a0_0 .net "clk", 0 0, o000002b5f871aa68;  0 drivers
v000002b5f8757000_0 .net "imm", 31 0, v000002b5f86c97c0_0;  1 drivers
o000002b5f871a708 .functor BUFZ 32, C4<zzzzzzzzzzzzzzzzzzzzzzzzzzzzzzzz>; HiZ drive
v000002b5f8757640_0 .net "instruction", 31 0, o000002b5f871a708;  0 drivers
v000002b5f8756560_0 .net "opcode", 6 0, L_000002b5f8775960;  1 drivers
o000002b5f871aca8 .functor BUFZ 32, C4<zzzzzzzzzzzzzzzzzzzzzzzzzzzzzzzz>; HiZ drive
v000002b5f8757500_0 .net "pc_in", 31 0, o000002b5f871aca8;  0 drivers
v000002b5f8756d80_0 .net "rd", 4 0, L_000002b5f8775140;  1 drivers
v000002b5f8757be0_0 .net "read_data1", 31 0, L_000002b5f86d5c30;  1 drivers
v000002b5f87578c0_0 .net "read_data2", 31 0, L_000002b5f86d62c0;  1 drivers
o000002b5f871aac8 .functor BUFZ 1, C4<z>; HiZ drive
v000002b5f8757280_0 .net "reset", 0 0, o000002b5f871aac8;  0 drivers
v000002b5f87566a0_0 .net "rs1", 4 0, L_000002b5f8774ce0;  1 drivers
v000002b5f87569c0_0 .net "rs2", 4 0, L_000002b5f8774a60;  1 drivers
o000002b5f871a888 .functor BUFZ 1, C4<z>; HiZ drive
v000002b5f87575a0_0 .net "wb_RegWrite", 0 0, o000002b5f871a888;  0 drivers
o000002b5f871a7f8 .functor BUFZ 5, C4<zzzzz>; HiZ drive
v000002b5f87573c0_0 .net "wb_rd", 4 0, o000002b5f871a7f8;  0 drivers
o000002b5f871a918 .functor BUFZ 32, C4<zzzzzzzzzzzzzzzzzzzzzzzzzzzzzzzz>; HiZ drive
v000002b5f8758220_0 .net "wb_write_data", 31 0, o000002b5f871a918;  0 drivers
L_000002b5f8775960 .part o000002b5f871a708, 0, 7;
L_000002b5f8774ce0 .part o000002b5f871a708, 15, 5;
L_000002b5f8774a60 .part o000002b5f871a708, 20, 5;
L_000002b5f8775140 .part o000002b5f871a708, 7, 5;
S_000002b5f85f6c40 .scope module, "immgen_inst" "ImmGen" 3 40, 4 1 0, S_000002b5f86e4cd0;
 .timescale 0 0;
    .port_info 0 /INPUT 7 "opcode";
    .port_info 1 /INPUT 32 "instruction";
    .port_info 2 /OUTPUT 32 "ImmExt";
v000002b5f86c97c0_0 .var "ImmExt", 31 0;
v000002b5f86c8320_0 .net "instruction", 31 0, o000002b5f871a708;  alias, 0 drivers
v000002b5f86c85a0_0 .net "opcode", 6 0, L_000002b5f8775960;  alias, 1 drivers
E_000002b5f86b4290 .event anyedge, v000002b5f86c85a0_0, v000002b5f86c8320_0;
S_000002b5f85f5db0 .scope module, "register_file" "Register_file" 3 28, 5 1 0, S_000002b5f86e4cd0;
 .timescale 0 0;
    .port_info 0 /INPUT 1 "clk";
    .port_info 1 /INPUT 1 "reset";
    .port_info 2 /INPUT 5 "Rs1";
    .port_info 3 /INPUT 5 "Rs2";
    .port_info 4 /INPUT 5 "Rd";
    .port_info 5 /INPUT 1 "RegWrite";
    .port_info 6 /INPUT 32 "Write_data";
    .port_info 7 /OUTPUT 32 "Read_data1";
    .port_info 8 /OUTPUT 32 "Read_data2";
L_000002b5f86d5c30 .functor BUFZ 32, L_000002b5f8774d80, C4<00000000000000000000000000000000>, C4<00000000000000000000000000000000>, C4<00000000000000000000000000000000>;
L_000002b5f86d62c0 .functor BUFZ 32, L_000002b5f8775fa0, C4<00000000000000000000000000000000>, C4<00000000000000000000000000000000>, C4<00000000000000000000000000000000>;
v000002b5f86c9860_0 .net "Rd", 4 0, o000002b5f871a7f8;  alias, 0 drivers
v000002b5f86c9900_0 .net "Read_data1", 31 0, L_000002b5f86d5c30;  alias, 1 drivers
v000002b5f86c8640_0 .net "Read_data2", 31 0, L_000002b5f86d62c0;  alias, 1 drivers
v000002b5f86c86e0_0 .net "RegWrite", 0 0, o000002b5f871a888;  alias, 0 drivers
v000002b5f86c9a40_0 .net "Rs1", 4 0, L_000002b5f8774ce0;  alias, 1 drivers
v000002b5f86c8820_0 .net "Rs2", 4 0, L_000002b5f8774a60;  alias, 1 drivers
v000002b5f86c9ae0_0 .net "Write_data", 31 0, o000002b5f871a918;  alias, 0 drivers
v000002b5f86c9b80_0 .net *"_ivl_0", 31 0, L_000002b5f8774d80;  1 drivers
v000002b5f86c88c0_0 .net *"_ivl_10", 6 0, L_000002b5f8775a00;  1 drivers
L_000002b5f877a580 .functor BUFT 1, C4<00>, C4<0>, C4<0>, C4<0>;
v000002b5f86c8960_0 .net *"_ivl_13", 1 0, L_000002b5f877a580;  1 drivers
v000002b5f86c8a00_0 .net *"_ivl_2", 6 0, L_000002b5f87758c0;  1 drivers
L_000002b5f877a538 .functor BUFT 1, C4<00>, C4<0>, C4<0>, C4<0>;
v000002b5f86c8aa0_0 .net *"_ivl_5", 1 0, L_000002b5f877a538;  1 drivers
v000002b5f86c8b40_0 .net *"_ivl_8", 31 0, L_000002b5f8775fa0;  1 drivers
v000002b5f86abfa0_0 .net "clk", 0 0, o000002b5f871aa68;  alias, 0 drivers
v000002b5f86ac040_0 .var/i "i", 31 0;
v000002b5f86ab460 .array "registers", 31 0, 31 0;
v000002b5f86abdc0_0 .net "reset", 0 0, o000002b5f871aac8;  alias, 0 drivers
E_000002b5f86b4390 .event posedge, v000002b5f86abdc0_0, v000002b5f86abfa0_0;
L_000002b5f8774d80 .array/port v000002b5f86ab460, L_000002b5f87758c0;
L_000002b5f87758c0 .concat [ 5 2 0 0], L_000002b5f8774ce0, L_000002b5f877a538;
L_000002b5f8775fa0 .array/port v000002b5f86ab460, L_000002b5f8775a00;
L_000002b5f8775a00 .concat [ 5 2 0 0], L_000002b5f8774a60, L_000002b5f877a580;
S_000002b5f85f6ab0 .scope module, "loop_branch_tb" "loop_branch_tb" 6 2;
 .timescale 0 0;
v000002b5f8772b90_0 .var "clk", 0 0;
v000002b5f87731d0_0 .var "reset", 0 0;
S_000002b5f85f5f40 .scope module, "DUT" "Processor" 6 4, 7 14 0, S_000002b5f85f6ab0;
 .timescale 0 0;
    .port_info 0 /INPUT 1 "clk";
    .port_info 1 /INPUT 1 "reset";
L_000002b5f86d5b50 .functor BUFZ 1, L_000002b5f86d5e60, C4<0>, C4<0>, C4<0>;
L_000002b5f86d6330 .functor BUFZ 1, v000002b5f8766520_0, C4<0>, C4<0>, C4<0>;
v000002b5f87718a0_0 .net "ALUSrc", 0 0, v000002b5f8757e60_0;  1 drivers
v000002b5f8770680_0 .net "ALUop", 1 0, v000002b5f8756e20_0;  1 drivers
v000002b5f87713a0_0 .net "EX_MEM_MemRead", 0 0, v000002b5f870ee40_0;  1 drivers
v000002b5f8771260_0 .net "EX_MEM_MemWrite", 0 0, v000002b5f870e440_0;  1 drivers
v000002b5f8770cc0_0 .net "EX_MEM_MemtoReg", 0 0, v000002b5f870ebc0_0;  1 drivers
v000002b5f8771e40_0 .net "EX_MEM_RegWrite", 0 0, v000002b5f870e8a0_0;  1 drivers
v000002b5f8770d60_0 .net "EX_MEM_branch", 0 0, v000002b5f870fd40_0;  1 drivers
v000002b5f8770f40_0 .net "EX_MEM_branch_taken", 0 0, v000002b5f870fca0_0;  1 drivers
v000002b5f87720c0_0 .net "EX_MEM_branch_target", 31 0, v000002b5f870fa20_0;  1 drivers
v000002b5f8771440_0 .net "EX_MEM_rd", 4 0, v000002b5f870e580_0;  1 drivers
v000002b5f8771620_0 .net "EX_MEM_reg2", 31 0, v000002b5f870e760_0;  1 drivers
v000002b5f8772160_0 .net "EX_MEM_result", 31 0, v000002b5f8710240_0;  1 drivers
v000002b5f87714e0_0 .net "ID_EX_ALUSrc", 0 0, v000002b5f870ea80_0;  1 drivers
v000002b5f87722a0_0 .net "ID_EX_ALUop", 1 0, v000002b5f87676a0_0;  1 drivers
v000002b5f8771940_0 .net "ID_EX_MemRead", 0 0, v000002b5f87667a0_0;  1 drivers
v000002b5f87719e0_0 .net "ID_EX_MemWrite", 0 0, v000002b5f8767060_0;  1 drivers
v000002b5f8772340_0 .net "ID_EX_MemtoReg", 0 0, v000002b5f8766de0_0;  1 drivers
v000002b5f8772cd0_0 .net "ID_EX_RegWrite", 0 0, v000002b5f8767ec0_0;  1 drivers
v000002b5f8773590_0 .net "ID_EX_branch", 0 0, v000002b5f8766520_0;  1 drivers
v000002b5f8773e50_0 .net "ID_EX_funct3", 2 0, v000002b5f8767b00_0;  1 drivers
v000002b5f87733b0_0 .net "ID_EX_funct7", 6 0, v000002b5f8767920_0;  1 drivers
v000002b5f8772ff0_0 .net "ID_EX_imm", 31 0, v000002b5f8767600_0;  1 drivers
v000002b5f8772e10_0 .net "ID_EX_pc", 31 0, v000002b5f8768000_0;  1 drivers
v000002b5f87738b0_0 .net "ID_EX_rd", 4 0, v000002b5f8767100_0;  1 drivers
v000002b5f8773130_0 .net "ID_EX_reg1", 31 0, v000002b5f87674c0_0;  1 drivers
v000002b5f8773090_0 .net "ID_EX_reg2", 31 0, v000002b5f8766f20_0;  1 drivers
v000002b5f8774030_0 .net "ID_EX_rs1", 4 0, v000002b5f8768140_0;  1 drivers
v000002b5f87736d0_0 .net "ID_EX_rs2", 4 0, v000002b5f8766700_0;  1 drivers
v000002b5f8773770_0 .net "IF_ID_instr", 31 0, v000002b5f87668e0_0;  1 drivers
v000002b5f8772c30_0 .net "IF_ID_pc", 31 0, v000002b5f8766660_0;  1 drivers
v000002b5f8773ef0_0 .net "MEM_WB_alu_result_out", 31 0, v000002b5f8766d40_0;  1 drivers
v000002b5f8772eb0_0 .net "MEM_WB_memToReg_out", 0 0, v000002b5f8767c40_0;  1 drivers
v000002b5f87742b0_0 .net "MEM_WB_mem_data_out", 31 0, v000002b5f87707c0_0;  1 drivers
v000002b5f8773a90_0 .net "MEM_WB_rd_out", 4 0, v000002b5f87716c0_0;  1 drivers
v000002b5f8773630_0 .net "MEM_WB_regWrite_out", 0 0, v000002b5f8770860_0;  1 drivers
v000002b5f8772d70_0 .net "MemRead", 0 0, v000002b5f8757aa0_0;  1 drivers
v000002b5f87725f0_0 .net "MemWrite", 0 0, v000002b5f87564c0_0;  1 drivers
v000002b5f87743f0_0 .net "MemtoReg", 0 0, v000002b5f8757460_0;  1 drivers
v000002b5f87740d0_0 .net "RegWrite", 0 0, v000002b5f8756b00_0;  1 drivers
v000002b5f87739f0_0 .net "actual_taken", 0 0, L_000002b5f86d6330;  1 drivers
v000002b5f8773c70_0 .net "alu_result", 31 0, v000002b5f8756880_0;  1 drivers
v000002b5f8774350_0 .net "branch", 0 0, v000002b5f8758040_0;  1 drivers
v000002b5f8772870_0 .net "branch_taken", 0 0, L_000002b5f86d5e60;  1 drivers
v000002b5f8772910_0 .net "branch_target", 31 0, L_000002b5f8775820;  1 drivers
v000002b5f8773950_0 .net "clk", 0 0, v000002b5f8772b90_0;  1 drivers
v000002b5f87734f0_0 .net "flush", 0 0, L_000002b5f86d5b50;  1 drivers
v000002b5f8773310_0 .net "funct3", 2 0, L_000002b5f8774560;  1 drivers
v000002b5f8773270_0 .net "funct7", 6 0, L_000002b5f8775aa0;  1 drivers
v000002b5f8773810_0 .net "imm", 31 0, v000002b5f8766fc0_0;  1 drivers
v000002b5f8773f90_0 .net "instruction", 31 0, L_000002b5f86d64f0;  1 drivers
v000002b5f87727d0_0 .net "mem_read_data", 31 0, v000002b5f870eda0_0;  1 drivers
v000002b5f8772550_0 .net "pc_current", 31 0, v000002b5f870e2d0_0;  1 drivers
v000002b5f8772690_0 .net "pc_plus4", 31 0, L_000002b5f87753c0;  1 drivers
v000002b5f8772730_0 .net "predicted_taken", 0 0, v000002b5f8771c60_0;  1 drivers
v000002b5f8774170_0 .net "rd", 4 0, L_000002b5f8775320;  1 drivers
v000002b5f8774210_0 .net "reset", 0 0, v000002b5f87731d0_0;  1 drivers
v000002b5f87729b0_0 .net "rf_rd", 4 0, L_000002b5f8774b00;  1 drivers
v000002b5f8773bd0_0 .net "rf_read_data1", 31 0, L_000002b5f86d5df0;  1 drivers
v000002b5f8773b30_0 .net "rf_read_data2", 31 0, L_000002b5f86d6020;  1 drivers
v000002b5f8772a50_0 .net "rf_rs1", 4 0, L_000002b5f8774740;  1 drivers
v000002b5f8772f50_0 .net "rf_rs2", 4 0, L_000002b5f8776360;  1 drivers
v000002b5f8773d10_0 .net "rs1", 4 0, L_000002b5f8774600;  1 drivers
v000002b5f8772af0_0 .net "rs2", 4 0, L_000002b5f8775280;  1 drivers
L_000002b5f877a5c8 .functor BUFT 1, C4<1>, C4<0>, C4<0>, C4<0>;
v000002b5f8773450_0 .net "update_predictor", 0 0, L_000002b5f877a5c8;  1 drivers
v000002b5f8773db0_0 .net "write_back_data", 31 0, L_000002b5f8775c80;  1 drivers
L_000002b5f8774600 .part v000002b5f87668e0_0, 15, 5;
L_000002b5f8775280 .part v000002b5f87668e0_0, 20, 5;
L_000002b5f8775320 .part v000002b5f87668e0_0, 7, 5;
L_000002b5f8774560 .part v000002b5f87668e0_0, 12, 3;
L_000002b5f8775aa0 .part v000002b5f87668e0_0, 25, 7;
L_000002b5f8774740 .part v000002b5f87668e0_0, 15, 5;
L_000002b5f8776360 .part v000002b5f87668e0_0, 20, 5;
L_000002b5f8774b00 .part v000002b5f87668e0_0, 7, 5;
L_000002b5f87751e0 .part v000002b5f87668e0_0, 0, 7;
L_000002b5f8775500 .part v000002b5f87668e0_0, 0, 7;
S_000002b5f861a190 .scope module, "CU" "Control_Unit" 7 146, 8 3 0, S_000002b5f85f5f40;
 .timescale 0 0;
    .port_info 0 /INPUT 7 "OPcode";
    .port_info 1 /OUTPUT 1 "branch";
    .port_info 2 /OUTPUT 1 "MemtoReg";
    .port_info 3 /OUTPUT 1 "MemRead";
    .port_info 4 /OUTPUT 1 "MemWrite";
    .port_info 5 /OUTPUT 1 "ALUSrc";
    .port_info 6 /OUTPUT 1 "RegWrite";
    .port_info 7 /OUTPUT 2 "ALUop";
v000002b5f8757e60_0 .var "ALUSrc", 0 0;
v000002b5f8756e20_0 .var "ALUop", 1 0;
v000002b5f8757aa0_0 .var "MemRead", 0 0;
v000002b5f87564c0_0 .var "MemWrite", 0 0;
v000002b5f8757460_0 .var "MemtoReg", 0 0;
v000002b5f87567e0_0 .net "OPcode", 6 0, L_000002b5f8775500;  1 drivers
v000002b5f8756b00_0 .var "RegWrite", 0 0;
v000002b5f8758040_0 .var "branch", 0 0;
E_000002b5f86b44d0 .event anyedge, v000002b5f87567e0_0;
S_000002b5f861a320 .scope module, "EXE" "EXE_stage" 7 179, 9 5 0, S_000002b5f85f5f40;
 .timescale 0 0;
    .port_info 0 /INPUT 32 "reg_data1_in";
    .port_info 1 /INPUT 32 "reg_data2_in";
    .port_info 2 /INPUT 32 "imm";
    .port_info 3 /INPUT 5 "rs1";
    .port_info 4 /INPUT 5 "rs2";
    .port_info 5 /INPUT 5 "ex_mem_rd";
    .port_info 6 /INPUT 1 "ex_mem_RegWrite";
    .port_info 7 /INPUT 5 "mem_wb_rd";
    .port_info 8 /INPUT 1 "mem_wb_RegWrite";
    .port_info 9 /INPUT 32 "ex_mem_result";
    .port_info 10 /INPUT 32 "wb_data";
    .port_info 11 /INPUT 1 "ALUSrc";
    .port_info 12 /INPUT 2 "ALUOp";
    .port_info 13 /INPUT 3 "funct3";
    .port_info 14 /INPUT 7 "funct7";
    .port_info 15 /INPUT 1 "branch";
    .port_info 16 /INPUT 32 "pc";
    .port_info 17 /OUTPUT 32 "alu_result";
    .port_info 18 /OUTPUT 1 "branch_taken";
    .port_info 19 /OUTPUT 32 "branch_target";
L_000002b5f86d5e60 .functor AND 1, v000002b5f8766520_0, v000002b5f870d010_0, C4<1>, C4<1>;
v000002b5f870dc90_0 .net "ALUOp", 1 0, v000002b5f87676a0_0;  alias, 1 drivers
v000002b5f870cf70_0 .net "ALUSrc", 0 0, v000002b5f870ea80_0;  alias, 1 drivers
v000002b5f870c610_0 .net "alu_control", 3 0, v000002b5f87580e0_0;  1 drivers
v000002b5f870dd30_0 .net "alu_result", 31 0, v000002b5f8756880_0;  alias, 1 drivers
v000002b5f870cc50_0 .net "branch", 0 0, v000002b5f8766520_0;  alias, 1 drivers
v000002b5f870d010_0 .var "branch_cond_met", 0 0;
v000002b5f870cd90_0 .net "branch_taken", 0 0, L_000002b5f86d5e60;  alias, 1 drivers
v000002b5f870d510_0 .net "branch_target", 31 0, L_000002b5f8775820;  alias, 1 drivers
v000002b5f870dbf0_0 .net "ex_mem_RegWrite", 0 0, v000002b5f870e8a0_0;  alias, 1 drivers
v000002b5f870e050_0 .net "ex_mem_rd", 4 0, v000002b5f870e580_0;  alias, 1 drivers
v000002b5f870d830_0 .net "ex_mem_result", 31 0, v000002b5f8710240_0;  alias, 1 drivers
v000002b5f870c750_0 .net "forwardA", 1 0, v000002b5f870dfb0_0;  1 drivers
v000002b5f870da10_0 .net "forwardB", 1 0, v000002b5f870d1f0_0;  1 drivers
v000002b5f870d290_0 .net "funct3", 2 0, v000002b5f8767b00_0;  alias, 1 drivers
v000002b5f870d5b0_0 .net "funct7", 6 0, v000002b5f8767920_0;  alias, 1 drivers
v000002b5f870d0b0_0 .net "imm", 31 0, v000002b5f8767600_0;  alias, 1 drivers
v000002b5f870c930_0 .net "mem_wb_RegWrite", 0 0, v000002b5f8770860_0;  alias, 1 drivers
v000002b5f870d330_0 .net "mem_wb_rd", 4 0, v000002b5f87716c0_0;  alias, 1 drivers
v000002b5f870c430_0 .net "pc", 31 0, v000002b5f8768000_0;  alias, 1 drivers
v000002b5f870d790_0 .net "reg_data1_in", 31 0, v000002b5f87674c0_0;  alias, 1 drivers
v000002b5f870c4d0_0 .net "reg_data2_in", 31 0, v000002b5f8766f20_0;  alias, 1 drivers
v000002b5f870d3d0_0 .net "rs1", 4 0, v000002b5f8768140_0;  alias, 1 drivers
v000002b5f870d470_0 .net "rs2", 4 0, v000002b5f8766700_0;  alias, 1 drivers
v000002b5f870db50_0 .var "srcA", 31 0;
v000002b5f870e230_0 .net "srcB", 31 0, L_000002b5f87747e0;  1 drivers
v000002b5f870d650_0 .var "srcB_input", 31 0;
v000002b5f870ca70_0 .net "wb_data", 31 0, L_000002b5f8775c80;  alias, 1 drivers
E_000002b5f86b5990 .event anyedge, v000002b5f8756ec0_0, v000002b5f8757140_0, v000002b5f870d650_0;
E_000002b5f86b5290/0 .event anyedge, v000002b5f870dfb0_0, v000002b5f870d790_0, v000002b5f870d830_0, v000002b5f870ca70_0;
E_000002b5f86b5290/1 .event anyedge, v000002b5f870d1f0_0, v000002b5f870c4d0_0;
E_000002b5f86b5290 .event/or E_000002b5f86b5290/0, E_000002b5f86b5290/1;
L_000002b5f87747e0 .functor MUXZ 32, v000002b5f870d650_0, v000002b5f8767600_0, v000002b5f870ea80_0, C4<>;
L_000002b5f8775820 .arith/sum 32, v000002b5f8768000_0, v000002b5f8767600_0;
S_000002b5f862c8c0 .scope module, "alu_ctrl_unit" "ALU_Control" 9 66, 10 1 0, S_000002b5f861a320;
 .timescale 0 0;
    .port_info 0 /INPUT 2 "ALUOp";
    .port_info 1 /INPUT 3 "funct3";
    .port_info 2 /INPUT 7 "funct7";
    .port_info 3 /OUTPUT 4 "ALU_Ctrl";
v000002b5f8756ce0_0 .net "ALUOp", 1 0, v000002b5f87676a0_0;  alias, 1 drivers
v000002b5f87580e0_0 .var "ALU_Ctrl", 3 0;
v000002b5f8756ec0_0 .net "funct3", 2 0, v000002b5f8767b00_0;  alias, 1 drivers
v000002b5f8757c80_0 .net "funct7", 6 0, v000002b5f8767920_0;  alias, 1 drivers
E_000002b5f86b5810 .event anyedge, v000002b5f8756ce0_0, v000002b5f8756ec0_0, v000002b5f8757c80_0;
S_000002b5f862ca50 .scope module, "alu_unit" "ALU" 9 73, 11 4 0, S_000002b5f861a320;
 .timescale 0 0;
    .port_info 0 /INPUT 32 "input1";
    .port_info 1 /INPUT 32 "input2";
    .port_info 2 /INPUT 4 "operation";
    .port_info 3 /OUTPUT 32 "result";
P_000002b5f86a03f0 .param/l "ADD_OP" 0 11 5, C4<0000>;
P_000002b5f86a0428 .param/l "AND_OP" 0 11 8, C4<0011>;
P_000002b5f86a0460 .param/l "OR_OP" 0 11 7, C4<0010>;
P_000002b5f86a0498 .param/l "SUB_OP" 0 11 6, C4<0001>;
P_000002b5f86a04d0 .param/l "XOR_OP" 0 11 9, C4<0100>;
v000002b5f8757dc0_0 .net "add_result", 31 0, L_000002b5f87746a0;  1 drivers
v000002b5f8757fa0_0 .net "input1", 31 0, v000002b5f870db50_0;  1 drivers
v000002b5f8758360_0 .net "input2", 31 0, L_000002b5f87747e0;  alias, 1 drivers
v000002b5f8756920_0 .net "operation", 3 0, v000002b5f87580e0_0;  alias, 1 drivers
v000002b5f8756880_0 .var "result", 31 0;
v000002b5f8756c40_0 .net "sub_result", 31 0, L_000002b5f8775dc0;  1 drivers
E_000002b5f86b5bd0/0 .event anyedge, v000002b5f87580e0_0, v000002b5f8758180_0, v000002b5f8757a00_0, v000002b5f8757140_0;
E_000002b5f86b5bd0/1 .event anyedge, v000002b5f8757320_0;
E_000002b5f86b5bd0 .event/or E_000002b5f86b5bd0/0, E_000002b5f86b5bd0/1;
S_000002b5f8618bf0 .scope module, "adder1" "adder" 11 19, 12 1 0, S_000002b5f862ca50;
 .timescale 0 0;
    .port_info 0 /INPUT 32 "input1";
    .port_info 1 /INPUT 32 "input2";
    .port_info 2 /OUTPUT 32 "sum";
    .port_info 3 /OUTPUT 1 "cout";
L_000002b5f877a850 .functor BUFT 1, C4<0>, C4<0>, C4<0>, C4<0>;
v000002b5f8756f60_0 .net *"_ivl_10", 0 0, L_000002b5f877a850;  1 drivers
v000002b5f8757960_0 .net *"_ivl_11", 32 0, L_000002b5f87762c0;  1 drivers
v000002b5f87582c0_0 .net *"_ivl_3", 32 0, L_000002b5f8775000;  1 drivers
L_000002b5f877a808 .functor BUFT 1, C4<0>, C4<0>, C4<0>, C4<0>;
v000002b5f87576e0_0 .net *"_ivl_6", 0 0, L_000002b5f877a808;  1 drivers
v000002b5f8757f00_0 .net *"_ivl_7", 32 0, L_000002b5f8775b40;  1 drivers
v000002b5f8756a60_0 .net "cout", 0 0, L_000002b5f8774f60;  1 drivers
v000002b5f8757140_0 .net "input1", 31 0, v000002b5f870db50_0;  alias, 1 drivers
v000002b5f8757320_0 .net "input2", 31 0, L_000002b5f87747e0;  alias, 1 drivers
v000002b5f8758180_0 .net "sum", 31 0, L_000002b5f87746a0;  alias, 1 drivers
L_000002b5f8774f60 .part L_000002b5f87762c0, 32, 1;
L_000002b5f87746a0 .part L_000002b5f87762c0, 0, 32;
L_000002b5f8775000 .concat [ 32 1 0 0], v000002b5f870db50_0, L_000002b5f877a808;
L_000002b5f8775b40 .concat [ 32 1 0 0], L_000002b5f87747e0, L_000002b5f877a850;
L_000002b5f87762c0 .arith/sum 33, L_000002b5f8775000, L_000002b5f8775b40;
S_000002b5f8618d80 .scope module, "subtractor1" "subtractor" 11 25, 13 1 0, S_000002b5f862ca50;
 .timescale 0 0;
    .port_info 0 /INPUT 32 "input1";
    .port_info 1 /INPUT 32 "input2";
    .port_info 2 /OUTPUT 32 "difference";
    .port_info 3 /OUTPUT 1 "cout";
L_000002b5f877a8e0 .functor BUFT 1, C4<0>, C4<0>, C4<0>, C4<0>;
v000002b5f8757d20_0 .net *"_ivl_10", 0 0, L_000002b5f877a8e0;  1 drivers
v000002b5f87571e0_0 .net *"_ivl_11", 32 0, L_000002b5f87756e0;  1 drivers
v000002b5f8756740_0 .net *"_ivl_3", 32 0, L_000002b5f87755a0;  1 drivers
L_000002b5f877a898 .functor BUFT 1, C4<0>, C4<0>, C4<0>, C4<0>;
v000002b5f8756ba0_0 .net *"_ivl_6", 0 0, L_000002b5f877a898;  1 drivers
v000002b5f8757780_0 .net *"_ivl_7", 32 0, L_000002b5f8775640;  1 drivers
v000002b5f8757820_0 .net "cout", 0 0, L_000002b5f87750a0;  1 drivers
v000002b5f8757a00_0 .net "difference", 31 0, L_000002b5f8775dc0;  alias, 1 drivers
v000002b5f8756600_0 .net "input1", 31 0, v000002b5f870db50_0;  alias, 1 drivers
v000002b5f8757b40_0 .net "input2", 31 0, L_000002b5f87747e0;  alias, 1 drivers
L_000002b5f87750a0 .part L_000002b5f87756e0, 32, 1;
L_000002b5f8775dc0 .part L_000002b5f87756e0, 0, 32;
L_000002b5f87755a0 .concat [ 32 1 0 0], v000002b5f870db50_0, L_000002b5f877a898;
L_000002b5f8775640 .concat [ 32 1 0 0], L_000002b5f87747e0, L_000002b5f877a8e0;
L_000002b5f87756e0 .arith/sub 33, L_000002b5f87755a0, L_000002b5f8775640;
S_000002b5f862ddd0 .scope module, "fwd_unit" "ForwardingUnit" 9 35, 14 1 0, S_000002b5f861a320;
 .timescale 0 0;
    .port_info 0 /INPUT 5 "ID_EX_rs1";
    .port_info 1 /INPUT 5 "ID_EX_rs2";
    .port_info 2 /INPUT 5 "EX_MEM_rd";
    .port_info 3 /INPUT 1 "EX_MEM_regWrite";
    .port_info 4 /INPUT 5 "MEM_WB_rd";
    .port_info 5 /INPUT 1 "MEM_WB_regWrite";
    .port_info 6 /OUTPUT 2 "forwardA";
    .port_info 7 /OUTPUT 2 "forwardB";
v000002b5f870d150_0 .net "EX_MEM_rd", 4 0, v000002b5f870e580_0;  alias, 1 drivers
v000002b5f870d6f0_0 .net "EX_MEM_regWrite", 0 0, v000002b5f870e8a0_0;  alias, 1 drivers
v000002b5f870ce30_0 .net "ID_EX_rs1", 4 0, v000002b5f8768140_0;  alias, 1 drivers
v000002b5f870e0f0_0 .net "ID_EX_rs2", 4 0, v000002b5f8766700_0;  alias, 1 drivers
v000002b5f870ccf0_0 .net "MEM_WB_rd", 4 0, v000002b5f87716c0_0;  alias, 1 drivers
v000002b5f870ced0_0 .net "MEM_WB_regWrite", 0 0, v000002b5f8770860_0;  alias, 1 drivers
v000002b5f870dfb0_0 .var "forwardA", 1 0;
v000002b5f870d1f0_0 .var "forwardB", 1 0;
E_000002b5f86b62d0/0 .event anyedge, v000002b5f870d6f0_0, v000002b5f870d150_0, v000002b5f870ce30_0, v000002b5f870ced0_0;
E_000002b5f86b62d0/1 .event anyedge, v000002b5f870ccf0_0, v000002b5f870e0f0_0;
E_000002b5f86b62d0 .event/or E_000002b5f86b62d0/0, E_000002b5f86b62d0/1;
S_000002b5f862df60 .scope module, "IF" "IF_stage" 7 92, 15 4 0, S_000002b5f85f5f40;
 .timescale 0 0;
    .port_info 0 /INPUT 1 "clk";
    .port_info 1 /INPUT 1 "reset";
    .port_info 2 /INPUT 32 "pc_branch_target";
    .port_info 3 /INPUT 1 "branch_taken";
    .port_info 4 /OUTPUT 32 "instruction";
    .port_info 5 /OUTPUT 32 "pc_plus4";
    .port_info 6 /OUTPUT 32 "pc_current";
L_000002b5f86d64f0 .functor BUFZ 32, L_000002b5f86d6870, C4<00000000000000000000000000000000>, C4<00000000000000000000000000000000>, C4<00000000000000000000000000000000>;
L_000002b5f877a610 .functor BUFT 1, C4<00000000000000000000000000000001>, C4<0>, C4<0>, C4<0>;
v000002b5f870c7f0_0 .net/2u *"_ivl_0", 31 0, L_000002b5f877a610;  1 drivers
v000002b5f870c890_0 .net *"_ivl_2", 31 0, L_000002b5f8774ba0;  1 drivers
L_000002b5f877a6a0 .functor BUFT 1, C4<00000000000000000000000000000001>, C4<0>, C4<0>, C4<0>;
v000002b5f870cb10_0 .net/2u *"_ivl_8", 31 0, L_000002b5f877a6a0;  1 drivers
v000002b5f870cbb0_0 .net "branch_taken", 0 0, v000002b5f870fca0_0;  alias, 1 drivers
v000002b5f870ffc0_0 .net "clk", 0 0, v000002b5f8772b90_0;  alias, 1 drivers
v000002b5f870f340_0 .net "instruction", 31 0, L_000002b5f86d64f0;  alias, 1 drivers
v000002b5f87101a0_0 .net "instruction_out", 31 0, L_000002b5f86d6870;  1 drivers
v000002b5f870f0c0_0 .net "pc_branch_target", 31 0, v000002b5f870fa20_0;  alias, 1 drivers
v000002b5f870e620_0 .net "pc_current", 31 0, v000002b5f870e2d0_0;  alias, 1 drivers
v000002b5f870f200_0 .net "pc_next", 31 0, L_000002b5f8774c40;  1 drivers
v000002b5f870f160_0 .net "pc_plus4", 31 0, L_000002b5f87753c0;  alias, 1 drivers
v000002b5f870f660_0 .net "reset", 0 0, v000002b5f87731d0_0;  alias, 1 drivers
E_000002b5f86b6350 .event posedge, v000002b5f870ddd0_0;
L_000002b5f8774ba0 .arith/sum 32, v000002b5f870e2d0_0, L_000002b5f877a610;
L_000002b5f8774c40 .functor MUXZ 32, L_000002b5f8774ba0, v000002b5f870fa20_0, v000002b5f870fca0_0, C4<>;
L_000002b5f87749c0 .part v000002b5f870e2d0_0, 0, 8;
L_000002b5f87753c0 .arith/sum 32, v000002b5f870e2d0_0, L_000002b5f877a6a0;
S_000002b5f8622d40 .scope module, "PC1" "PC" 15 21, 16 1 0, S_000002b5f862df60;
 .timescale 0 0;
    .port_info 0 /INPUT 1 "clk";
    .port_info 1 /INPUT 1 "reset";
    .port_info 2 /INPUT 32 "PC_in";
    .port_info 3 /OUTPUT 32 "PC_out";
v000002b5f870d8d0_0 .net "PC_in", 31 0, L_000002b5f8774c40;  alias, 1 drivers
v000002b5f870e2d0_0 .var "PC_out", 31 0;
v000002b5f870ddd0_0 .net "clk", 0 0, v000002b5f8772b90_0;  alias, 1 drivers
v000002b5f870d970_0 .net "reset", 0 0, v000002b5f87731d0_0;  alias, 1 drivers
E_000002b5f86b6a90 .event posedge, v000002b5f870d970_0, v000002b5f870ddd0_0;
S_000002b5f8622ed0 .scope module, "instruction_memory" "Instruction_Memory" 15 30, 17 1 0, S_000002b5f862df60;
 .timescale 0 0;
    .port_info 0 /INPUT 8 "read_address";
    .port_info 1 /OUTPUT 32 "instruction_out";
L_000002b5f86d6870 .functor BUFZ 32, L_000002b5f8775780, C4<00000000000000000000000000000000>, C4<00000000000000000000000000000000>, C4<00000000000000000000000000000000>;
v000002b5f870c9d0_0 .net *"_ivl_0", 31 0, L_000002b5f8775780;  1 drivers
v000002b5f870dab0_0 .net *"_ivl_2", 9 0, L_000002b5f8776400;  1 drivers
L_000002b5f877a658 .functor BUFT 1, C4<00>, C4<0>, C4<0>, C4<0>;
v000002b5f870de70_0 .net *"_ivl_5", 1 0, L_000002b5f877a658;  1 drivers
v000002b5f870e190_0 .var/i "i", 31 0;
v000002b5f870df10_0 .net "instruction_out", 31 0, L_000002b5f86d6870;  alias, 1 drivers
v000002b5f870c570 .array "memory_array", 255 0, 31 0;
v000002b5f870c6b0_0 .net "read_address", 7 0, L_000002b5f87749c0;  1 drivers
L_000002b5f8775780 .array/port v000002b5f870c570, L_000002b5f8776400;
L_000002b5f8776400 .concat [ 8 2 0 0], L_000002b5f87749c0, L_000002b5f877a658;
S_000002b5f862e380 .scope module, "MEM" "MEM_stage" 7 233, 18 4 0, S_000002b5f85f5f40;
 .timescale 0 0;
    .port_info 0 /INPUT 1 "clk";
    .port_info 1 /INPUT 1 "mem_read";
    .port_info 2 /INPUT 1 "mem_write";
    .port_info 3 /INPUT 32 "alu_result";
    .port_info 4 /INPUT 32 "write_data";
    .port_info 5 /OUTPUT 32 "mem_read_data";
v000002b5f870ef80_0 .net "alu_result", 31 0, v000002b5f8710240_0;  alias, 1 drivers
v000002b5f870f480_0 .net "clk", 0 0, v000002b5f8772b90_0;  alias, 1 drivers
v000002b5f870f2a0_0 .net "mem_read", 0 0, v000002b5f870ee40_0;  alias, 1 drivers
v000002b5f870ff20_0 .net "mem_read_data", 31 0, v000002b5f870eda0_0;  alias, 1 drivers
v000002b5f870eee0_0 .net "mem_write", 0 0, v000002b5f870e440_0;  alias, 1 drivers
v000002b5f870f520_0 .net "write_data", 31 0, v000002b5f870e760_0;  alias, 1 drivers
L_000002b5f8775be0 .part v000002b5f8710240_0, 0, 10;
S_000002b5f86f32a0 .scope module, "RAM" "Data_memory" 18 14, 19 1 0, S_000002b5f862e380;
 .timescale 0 0;
    .port_info 0 /INPUT 1 "clk";
    .port_info 1 /INPUT 10 "address";
    .port_info 2 /INPUT 1 "write_enable";
    .port_info 3 /INPUT 1 "read_enable";
    .port_info 4 /INPUT 32 "write_data";
    .port_info 5 /OUTPUT 32 "read_data";
v000002b5f870fc00 .array "RAM_memory", 0 1023, 31 0;
v000002b5f870ec60_0 .net "address", 9 0, L_000002b5f8775be0;  1 drivers
v000002b5f870f7a0_0 .net "clk", 0 0, v000002b5f8772b90_0;  alias, 1 drivers
v000002b5f870eda0_0 .var "read_data", 31 0;
v000002b5f8710060_0 .net "read_enable", 0 0, v000002b5f870ee40_0;  alias, 1 drivers
v000002b5f870f3e0_0 .net "write_data", 31 0, v000002b5f870e760_0;  alias, 1 drivers
v000002b5f870fe80_0 .net "write_enable", 0 0, v000002b5f870e440_0;  alias, 1 drivers
v000002b5f870fc00_0 .array/port v000002b5f870fc00, 0;
v000002b5f870fc00_1 .array/port v000002b5f870fc00, 1;
E_000002b5f86b6ad0/0 .event anyedge, v000002b5f8710060_0, v000002b5f870ec60_0, v000002b5f870fc00_0, v000002b5f870fc00_1;
v000002b5f870fc00_2 .array/port v000002b5f870fc00, 2;
v000002b5f870fc00_3 .array/port v000002b5f870fc00, 3;
v000002b5f870fc00_4 .array/port v000002b5f870fc00, 4;
v000002b5f870fc00_5 .array/port v000002b5f870fc00, 5;
E_000002b5f86b6ad0/1 .event anyedge, v000002b5f870fc00_2, v000002b5f870fc00_3, v000002b5f870fc00_4, v000002b5f870fc00_5;
v000002b5f870fc00_6 .array/port v000002b5f870fc00, 6;
v000002b5f870fc00_7 .array/port v000002b5f870fc00, 7;
v000002b5f870fc00_8 .array/port v000002b5f870fc00, 8;
v000002b5f870fc00_9 .array/port v000002b5f870fc00, 9;
E_000002b5f86b6ad0/2 .event anyedge, v000002b5f870fc00_6, v000002b5f870fc00_7, v000002b5f870fc00_8, v000002b5f870fc00_9;
v000002b5f870fc00_10 .array/port v000002b5f870fc00, 10;
v000002b5f870fc00_11 .array/port v000002b5f870fc00, 11;
v000002b5f870fc00_12 .array/port v000002b5f870fc00, 12;
v000002b5f870fc00_13 .array/port v000002b5f870fc00, 13;
E_000002b5f86b6ad0/3 .event anyedge, v000002b5f870fc00_10, v000002b5f870fc00_11, v000002b5f870fc00_12, v000002b5f870fc00_13;
v000002b5f870fc00_14 .array/port v000002b5f870fc00, 14;
v000002b5f870fc00_15 .array/port v000002b5f870fc00, 15;
v000002b5f870fc00_16 .array/port v000002b5f870fc00, 16;
v000002b5f870fc00_17 .array/port v000002b5f870fc00, 17;
E_000002b5f86b6ad0/4 .event anyedge, v000002b5f870fc00_14, v000002b5f870fc00_15, v000002b5f870fc00_16, v000002b5f870fc00_17;
v000002b5f870fc00_18 .array/port v000002b5f870fc00, 18;
v000002b5f870fc00_19 .array/port v000002b5f870fc00, 19;
v000002b5f870fc00_20 .array/port v000002b5f870fc00, 20;
v000002b5f870fc00_21 .array/port v000002b5f870fc00, 21;
E_000002b5f86b6ad0/5 .event anyedge, v000002b5f870fc00_18, v000002b5f870fc00_19, v000002b5f870fc00_20, v000002b5f870fc00_21;
v000002b5f870fc00_22 .array/port v000002b5f870fc00, 22;
v000002b5f870fc00_23 .array/port v000002b5f870fc00, 23;
v000002b5f870fc00_24 .array/port v000002b5f870fc00, 24;
v000002b5f870fc00_25 .array/port v000002b5f870fc00, 25;
E_000002b5f86b6ad0/6 .event anyedge, v000002b5f870fc00_22, v000002b5f870fc00_23, v000002b5f870fc00_24, v000002b5f870fc00_25;
v000002b5f870fc00_26 .array/port v000002b5f870fc00, 26;
v000002b5f870fc00_27 .array/port v000002b5f870fc00, 27;
v000002b5f870fc00_28 .array/port v000002b5f870fc00, 28;
v000002b5f870fc00_29 .array/port v000002b5f870fc00, 29;
E_000002b5f86b6ad0/7 .event anyedge, v000002b5f870fc00_26, v000002b5f870fc00_27, v000002b5f870fc00_28, v000002b5f870fc00_29;
v000002b5f870fc00_30 .array/port v000002b5f870fc00, 30;
v000002b5f870fc00_31 .array/port v000002b5f870fc00, 31;
v000002b5f870fc00_32 .array/port v000002b5f870fc00, 32;
v000002b5f870fc00_33 .array/port v000002b5f870fc00, 33;
E_000002b5f86b6ad0/8 .event anyedge, v000002b5f870fc00_30, v000002b5f870fc00_31, v000002b5f870fc00_32, v000002b5f870fc00_33;
v000002b5f870fc00_34 .array/port v000002b5f870fc00, 34;
v000002b5f870fc00_35 .array/port v000002b5f870fc00, 35;
v000002b5f870fc00_36 .array/port v000002b5f870fc00, 36;
v000002b5f870fc00_37 .array/port v000002b5f870fc00, 37;
E_000002b5f86b6ad0/9 .event anyedge, v000002b5f870fc00_34, v000002b5f870fc00_35, v000002b5f870fc00_36, v000002b5f870fc00_37;
v000002b5f870fc00_38 .array/port v000002b5f870fc00, 38;
v000002b5f870fc00_39 .array/port v000002b5f870fc00, 39;
v000002b5f870fc00_40 .array/port v000002b5f870fc00, 40;
v000002b5f870fc00_41 .array/port v000002b5f870fc00, 41;
E_000002b5f86b6ad0/10 .event anyedge, v000002b5f870fc00_38, v000002b5f870fc00_39, v000002b5f870fc00_40, v000002b5f870fc00_41;
v000002b5f870fc00_42 .array/port v000002b5f870fc00, 42;
v000002b5f870fc00_43 .array/port v000002b5f870fc00, 43;
v000002b5f870fc00_44 .array/port v000002b5f870fc00, 44;
v000002b5f870fc00_45 .array/port v000002b5f870fc00, 45;
E_000002b5f86b6ad0/11 .event anyedge, v000002b5f870fc00_42, v000002b5f870fc00_43, v000002b5f870fc00_44, v000002b5f870fc00_45;
v000002b5f870fc00_46 .array/port v000002b5f870fc00, 46;
v000002b5f870fc00_47 .array/port v000002b5f870fc00, 47;
v000002b5f870fc00_48 .array/port v000002b5f870fc00, 48;
v000002b5f870fc00_49 .array/port v000002b5f870fc00, 49;
E_000002b5f86b6ad0/12 .event anyedge, v000002b5f870fc00_46, v000002b5f870fc00_47, v000002b5f870fc00_48, v000002b5f870fc00_49;
v000002b5f870fc00_50 .array/port v000002b5f870fc00, 50;
v000002b5f870fc00_51 .array/port v000002b5f870fc00, 51;
v000002b5f870fc00_52 .array/port v000002b5f870fc00, 52;
v000002b5f870fc00_53 .array/port v000002b5f870fc00, 53;
E_000002b5f86b6ad0/13 .event anyedge, v000002b5f870fc00_50, v000002b5f870fc00_51, v000002b5f870fc00_52, v000002b5f870fc00_53;
v000002b5f870fc00_54 .array/port v000002b5f870fc00, 54;
v000002b5f870fc00_55 .array/port v000002b5f870fc00, 55;
v000002b5f870fc00_56 .array/port v000002b5f870fc00, 56;
v000002b5f870fc00_57 .array/port v000002b5f870fc00, 57;
E_000002b5f86b6ad0/14 .event anyedge, v000002b5f870fc00_54, v000002b5f870fc00_55, v000002b5f870fc00_56, v000002b5f870fc00_57;
v000002b5f870fc00_58 .array/port v000002b5f870fc00, 58;
v000002b5f870fc00_59 .array/port v000002b5f870fc00, 59;
v000002b5f870fc00_60 .array/port v000002b5f870fc00, 60;
v000002b5f870fc00_61 .array/port v000002b5f870fc00, 61;
E_000002b5f86b6ad0/15 .event anyedge, v000002b5f870fc00_58, v000002b5f870fc00_59, v000002b5f870fc00_60, v000002b5f870fc00_61;
v000002b5f870fc00_62 .array/port v000002b5f870fc00, 62;
v000002b5f870fc00_63 .array/port v000002b5f870fc00, 63;
v000002b5f870fc00_64 .array/port v000002b5f870fc00, 64;
v000002b5f870fc00_65 .array/port v000002b5f870fc00, 65;
E_000002b5f86b6ad0/16 .event anyedge, v000002b5f870fc00_62, v000002b5f870fc00_63, v000002b5f870fc00_64, v000002b5f870fc00_65;
v000002b5f870fc00_66 .array/port v000002b5f870fc00, 66;
v000002b5f870fc00_67 .array/port v000002b5f870fc00, 67;
v000002b5f870fc00_68 .array/port v000002b5f870fc00, 68;
v000002b5f870fc00_69 .array/port v000002b5f870fc00, 69;
E_000002b5f86b6ad0/17 .event anyedge, v000002b5f870fc00_66, v000002b5f870fc00_67, v000002b5f870fc00_68, v000002b5f870fc00_69;
v000002b5f870fc00_70 .array/port v000002b5f870fc00, 70;
v000002b5f870fc00_71 .array/port v000002b5f870fc00, 71;
v000002b5f870fc00_72 .array/port v000002b5f870fc00, 72;
v000002b5f870fc00_73 .array/port v000002b5f870fc00, 73;
E_000002b5f86b6ad0/18 .event anyedge, v000002b5f870fc00_70, v000002b5f870fc00_71, v000002b5f870fc00_72, v000002b5f870fc00_73;
v000002b5f870fc00_74 .array/port v000002b5f870fc00, 74;
v000002b5f870fc00_75 .array/port v000002b5f870fc00, 75;
v000002b5f870fc00_76 .array/port v000002b5f870fc00, 76;
v000002b5f870fc00_77 .array/port v000002b5f870fc00, 77;
E_000002b5f86b6ad0/19 .event anyedge, v000002b5f870fc00_74, v000002b5f870fc00_75, v000002b5f870fc00_76, v000002b5f870fc00_77;
v000002b5f870fc00_78 .array/port v000002b5f870fc00, 78;
v000002b5f870fc00_79 .array/port v000002b5f870fc00, 79;
v000002b5f870fc00_80 .array/port v000002b5f870fc00, 80;
v000002b5f870fc00_81 .array/port v000002b5f870fc00, 81;
E_000002b5f86b6ad0/20 .event anyedge, v000002b5f870fc00_78, v000002b5f870fc00_79, v000002b5f870fc00_80, v000002b5f870fc00_81;
v000002b5f870fc00_82 .array/port v000002b5f870fc00, 82;
v000002b5f870fc00_83 .array/port v000002b5f870fc00, 83;
v000002b5f870fc00_84 .array/port v000002b5f870fc00, 84;
v000002b5f870fc00_85 .array/port v000002b5f870fc00, 85;
E_000002b5f86b6ad0/21 .event anyedge, v000002b5f870fc00_82, v000002b5f870fc00_83, v000002b5f870fc00_84, v000002b5f870fc00_85;
v000002b5f870fc00_86 .array/port v000002b5f870fc00, 86;
v000002b5f870fc00_87 .array/port v000002b5f870fc00, 87;
v000002b5f870fc00_88 .array/port v000002b5f870fc00, 88;
v000002b5f870fc00_89 .array/port v000002b5f870fc00, 89;
E_000002b5f86b6ad0/22 .event anyedge, v000002b5f870fc00_86, v000002b5f870fc00_87, v000002b5f870fc00_88, v000002b5f870fc00_89;
v000002b5f870fc00_90 .array/port v000002b5f870fc00, 90;
v000002b5f870fc00_91 .array/port v000002b5f870fc00, 91;
v000002b5f870fc00_92 .array/port v000002b5f870fc00, 92;
v000002b5f870fc00_93 .array/port v000002b5f870fc00, 93;
E_000002b5f86b6ad0/23 .event anyedge, v000002b5f870fc00_90, v000002b5f870fc00_91, v000002b5f870fc00_92, v000002b5f870fc00_93;
v000002b5f870fc00_94 .array/port v000002b5f870fc00, 94;
v000002b5f870fc00_95 .array/port v000002b5f870fc00, 95;
v000002b5f870fc00_96 .array/port v000002b5f870fc00, 96;
v000002b5f870fc00_97 .array/port v000002b5f870fc00, 97;
E_000002b5f86b6ad0/24 .event anyedge, v000002b5f870fc00_94, v000002b5f870fc00_95, v000002b5f870fc00_96, v000002b5f870fc00_97;
v000002b5f870fc00_98 .array/port v000002b5f870fc00, 98;
v000002b5f870fc00_99 .array/port v000002b5f870fc00, 99;
v000002b5f870fc00_100 .array/port v000002b5f870fc00, 100;
v000002b5f870fc00_101 .array/port v000002b5f870fc00, 101;
E_000002b5f86b6ad0/25 .event anyedge, v000002b5f870fc00_98, v000002b5f870fc00_99, v000002b5f870fc00_100, v000002b5f870fc00_101;
v000002b5f870fc00_102 .array/port v000002b5f870fc00, 102;
v000002b5f870fc00_103 .array/port v000002b5f870fc00, 103;
v000002b5f870fc00_104 .array/port v000002b5f870fc00, 104;
v000002b5f870fc00_105 .array/port v000002b5f870fc00, 105;
E_000002b5f86b6ad0/26 .event anyedge, v000002b5f870fc00_102, v000002b5f870fc00_103, v000002b5f870fc00_104, v000002b5f870fc00_105;
v000002b5f870fc00_106 .array/port v000002b5f870fc00, 106;
v000002b5f870fc00_107 .array/port v000002b5f870fc00, 107;
v000002b5f870fc00_108 .array/port v000002b5f870fc00, 108;
v000002b5f870fc00_109 .array/port v000002b5f870fc00, 109;
E_000002b5f86b6ad0/27 .event anyedge, v000002b5f870fc00_106, v000002b5f870fc00_107, v000002b5f870fc00_108, v000002b5f870fc00_109;
v000002b5f870fc00_110 .array/port v000002b5f870fc00, 110;
v000002b5f870fc00_111 .array/port v000002b5f870fc00, 111;
v000002b5f870fc00_112 .array/port v000002b5f870fc00, 112;
v000002b5f870fc00_113 .array/port v000002b5f870fc00, 113;
E_000002b5f86b6ad0/28 .event anyedge, v000002b5f870fc00_110, v000002b5f870fc00_111, v000002b5f870fc00_112, v000002b5f870fc00_113;
v000002b5f870fc00_114 .array/port v000002b5f870fc00, 114;
v000002b5f870fc00_115 .array/port v000002b5f870fc00, 115;
v000002b5f870fc00_116 .array/port v000002b5f870fc00, 116;
v000002b5f870fc00_117 .array/port v000002b5f870fc00, 117;
E_000002b5f86b6ad0/29 .event anyedge, v000002b5f870fc00_114, v000002b5f870fc00_115, v000002b5f870fc00_116, v000002b5f870fc00_117;
v000002b5f870fc00_118 .array/port v000002b5f870fc00, 118;
v000002b5f870fc00_119 .array/port v000002b5f870fc00, 119;
v000002b5f870fc00_120 .array/port v000002b5f870fc00, 120;
v000002b5f870fc00_121 .array/port v000002b5f870fc00, 121;
E_000002b5f86b6ad0/30 .event anyedge, v000002b5f870fc00_118, v000002b5f870fc00_119, v000002b5f870fc00_120, v000002b5f870fc00_121;
v000002b5f870fc00_122 .array/port v000002b5f870fc00, 122;
v000002b5f870fc00_123 .array/port v000002b5f870fc00, 123;
v000002b5f870fc00_124 .array/port v000002b5f870fc00, 124;
v000002b5f870fc00_125 .array/port v000002b5f870fc00, 125;
E_000002b5f86b6ad0/31 .event anyedge, v000002b5f870fc00_122, v000002b5f870fc00_123, v000002b5f870fc00_124, v000002b5f870fc00_125;
v000002b5f870fc00_126 .array/port v000002b5f870fc00, 126;
v000002b5f870fc00_127 .array/port v000002b5f870fc00, 127;
v000002b5f870fc00_128 .array/port v000002b5f870fc00, 128;
v000002b5f870fc00_129 .array/port v000002b5f870fc00, 129;
E_000002b5f86b6ad0/32 .event anyedge, v000002b5f870fc00_126, v000002b5f870fc00_127, v000002b5f870fc00_128, v000002b5f870fc00_129;
v000002b5f870fc00_130 .array/port v000002b5f870fc00, 130;
v000002b5f870fc00_131 .array/port v000002b5f870fc00, 131;
v000002b5f870fc00_132 .array/port v000002b5f870fc00, 132;
v000002b5f870fc00_133 .array/port v000002b5f870fc00, 133;
E_000002b5f86b6ad0/33 .event anyedge, v000002b5f870fc00_130, v000002b5f870fc00_131, v000002b5f870fc00_132, v000002b5f870fc00_133;
v000002b5f870fc00_134 .array/port v000002b5f870fc00, 134;
v000002b5f870fc00_135 .array/port v000002b5f870fc00, 135;
v000002b5f870fc00_136 .array/port v000002b5f870fc00, 136;
v000002b5f870fc00_137 .array/port v000002b5f870fc00, 137;
E_000002b5f86b6ad0/34 .event anyedge, v000002b5f870fc00_134, v000002b5f870fc00_135, v000002b5f870fc00_136, v000002b5f870fc00_137;
v000002b5f870fc00_138 .array/port v000002b5f870fc00, 138;
v000002b5f870fc00_139 .array/port v000002b5f870fc00, 139;
v000002b5f870fc00_140 .array/port v000002b5f870fc00, 140;
v000002b5f870fc00_141 .array/port v000002b5f870fc00, 141;
E_000002b5f86b6ad0/35 .event anyedge, v000002b5f870fc00_138, v000002b5f870fc00_139, v000002b5f870fc00_140, v000002b5f870fc00_141;
v000002b5f870fc00_142 .array/port v000002b5f870fc00, 142;
v000002b5f870fc00_143 .array/port v000002b5f870fc00, 143;
v000002b5f870fc00_144 .array/port v000002b5f870fc00, 144;
v000002b5f870fc00_145 .array/port v000002b5f870fc00, 145;
E_000002b5f86b6ad0/36 .event anyedge, v000002b5f870fc00_142, v000002b5f870fc00_143, v000002b5f870fc00_144, v000002b5f870fc00_145;
v000002b5f870fc00_146 .array/port v000002b5f870fc00, 146;
v000002b5f870fc00_147 .array/port v000002b5f870fc00, 147;
v000002b5f870fc00_148 .array/port v000002b5f870fc00, 148;
v000002b5f870fc00_149 .array/port v000002b5f870fc00, 149;
E_000002b5f86b6ad0/37 .event anyedge, v000002b5f870fc00_146, v000002b5f870fc00_147, v000002b5f870fc00_148, v000002b5f870fc00_149;
v000002b5f870fc00_150 .array/port v000002b5f870fc00, 150;
v000002b5f870fc00_151 .array/port v000002b5f870fc00, 151;
v000002b5f870fc00_152 .array/port v000002b5f870fc00, 152;
v000002b5f870fc00_153 .array/port v000002b5f870fc00, 153;
E_000002b5f86b6ad0/38 .event anyedge, v000002b5f870fc00_150, v000002b5f870fc00_151, v000002b5f870fc00_152, v000002b5f870fc00_153;
v000002b5f870fc00_154 .array/port v000002b5f870fc00, 154;
v000002b5f870fc00_155 .array/port v000002b5f870fc00, 155;
v000002b5f870fc00_156 .array/port v000002b5f870fc00, 156;
v000002b5f870fc00_157 .array/port v000002b5f870fc00, 157;
E_000002b5f86b6ad0/39 .event anyedge, v000002b5f870fc00_154, v000002b5f870fc00_155, v000002b5f870fc00_156, v000002b5f870fc00_157;
v000002b5f870fc00_158 .array/port v000002b5f870fc00, 158;
v000002b5f870fc00_159 .array/port v000002b5f870fc00, 159;
v000002b5f870fc00_160 .array/port v000002b5f870fc00, 160;
v000002b5f870fc00_161 .array/port v000002b5f870fc00, 161;
E_000002b5f86b6ad0/40 .event anyedge, v000002b5f870fc00_158, v000002b5f870fc00_159, v000002b5f870fc00_160, v000002b5f870fc00_161;
v000002b5f870fc00_162 .array/port v000002b5f870fc00, 162;
v000002b5f870fc00_163 .array/port v000002b5f870fc00, 163;
v000002b5f870fc00_164 .array/port v000002b5f870fc00, 164;
v000002b5f870fc00_165 .array/port v000002b5f870fc00, 165;
E_000002b5f86b6ad0/41 .event anyedge, v000002b5f870fc00_162, v000002b5f870fc00_163, v000002b5f870fc00_164, v000002b5f870fc00_165;
v000002b5f870fc00_166 .array/port v000002b5f870fc00, 166;
v000002b5f870fc00_167 .array/port v000002b5f870fc00, 167;
v000002b5f870fc00_168 .array/port v000002b5f870fc00, 168;
v000002b5f870fc00_169 .array/port v000002b5f870fc00, 169;
E_000002b5f86b6ad0/42 .event anyedge, v000002b5f870fc00_166, v000002b5f870fc00_167, v000002b5f870fc00_168, v000002b5f870fc00_169;
v000002b5f870fc00_170 .array/port v000002b5f870fc00, 170;
v000002b5f870fc00_171 .array/port v000002b5f870fc00, 171;
v000002b5f870fc00_172 .array/port v000002b5f870fc00, 172;
v000002b5f870fc00_173 .array/port v000002b5f870fc00, 173;
E_000002b5f86b6ad0/43 .event anyedge, v000002b5f870fc00_170, v000002b5f870fc00_171, v000002b5f870fc00_172, v000002b5f870fc00_173;
v000002b5f870fc00_174 .array/port v000002b5f870fc00, 174;
v000002b5f870fc00_175 .array/port v000002b5f870fc00, 175;
v000002b5f870fc00_176 .array/port v000002b5f870fc00, 176;
v000002b5f870fc00_177 .array/port v000002b5f870fc00, 177;
E_000002b5f86b6ad0/44 .event anyedge, v000002b5f870fc00_174, v000002b5f870fc00_175, v000002b5f870fc00_176, v000002b5f870fc00_177;
v000002b5f870fc00_178 .array/port v000002b5f870fc00, 178;
v000002b5f870fc00_179 .array/port v000002b5f870fc00, 179;
v000002b5f870fc00_180 .array/port v000002b5f870fc00, 180;
v000002b5f870fc00_181 .array/port v000002b5f870fc00, 181;
E_000002b5f86b6ad0/45 .event anyedge, v000002b5f870fc00_178, v000002b5f870fc00_179, v000002b5f870fc00_180, v000002b5f870fc00_181;
v000002b5f870fc00_182 .array/port v000002b5f870fc00, 182;
v000002b5f870fc00_183 .array/port v000002b5f870fc00, 183;
v000002b5f870fc00_184 .array/port v000002b5f870fc00, 184;
v000002b5f870fc00_185 .array/port v000002b5f870fc00, 185;
E_000002b5f86b6ad0/46 .event anyedge, v000002b5f870fc00_182, v000002b5f870fc00_183, v000002b5f870fc00_184, v000002b5f870fc00_185;
v000002b5f870fc00_186 .array/port v000002b5f870fc00, 186;
v000002b5f870fc00_187 .array/port v000002b5f870fc00, 187;
v000002b5f870fc00_188 .array/port v000002b5f870fc00, 188;
v000002b5f870fc00_189 .array/port v000002b5f870fc00, 189;
E_000002b5f86b6ad0/47 .event anyedge, v000002b5f870fc00_186, v000002b5f870fc00_187, v000002b5f870fc00_188, v000002b5f870fc00_189;
v000002b5f870fc00_190 .array/port v000002b5f870fc00, 190;
v000002b5f870fc00_191 .array/port v000002b5f870fc00, 191;
v000002b5f870fc00_192 .array/port v000002b5f870fc00, 192;
v000002b5f870fc00_193 .array/port v000002b5f870fc00, 193;
E_000002b5f86b6ad0/48 .event anyedge, v000002b5f870fc00_190, v000002b5f870fc00_191, v000002b5f870fc00_192, v000002b5f870fc00_193;
v000002b5f870fc00_194 .array/port v000002b5f870fc00, 194;
v000002b5f870fc00_195 .array/port v000002b5f870fc00, 195;
v000002b5f870fc00_196 .array/port v000002b5f870fc00, 196;
v000002b5f870fc00_197 .array/port v000002b5f870fc00, 197;
E_000002b5f86b6ad0/49 .event anyedge, v000002b5f870fc00_194, v000002b5f870fc00_195, v000002b5f870fc00_196, v000002b5f870fc00_197;
v000002b5f870fc00_198 .array/port v000002b5f870fc00, 198;
v000002b5f870fc00_199 .array/port v000002b5f870fc00, 199;
v000002b5f870fc00_200 .array/port v000002b5f870fc00, 200;
v000002b5f870fc00_201 .array/port v000002b5f870fc00, 201;
E_000002b5f86b6ad0/50 .event anyedge, v000002b5f870fc00_198, v000002b5f870fc00_199, v000002b5f870fc00_200, v000002b5f870fc00_201;
v000002b5f870fc00_202 .array/port v000002b5f870fc00, 202;
v000002b5f870fc00_203 .array/port v000002b5f870fc00, 203;
v000002b5f870fc00_204 .array/port v000002b5f870fc00, 204;
v000002b5f870fc00_205 .array/port v000002b5f870fc00, 205;
E_000002b5f86b6ad0/51 .event anyedge, v000002b5f870fc00_202, v000002b5f870fc00_203, v000002b5f870fc00_204, v000002b5f870fc00_205;
v000002b5f870fc00_206 .array/port v000002b5f870fc00, 206;
v000002b5f870fc00_207 .array/port v000002b5f870fc00, 207;
v000002b5f870fc00_208 .array/port v000002b5f870fc00, 208;
v000002b5f870fc00_209 .array/port v000002b5f870fc00, 209;
E_000002b5f86b6ad0/52 .event anyedge, v000002b5f870fc00_206, v000002b5f870fc00_207, v000002b5f870fc00_208, v000002b5f870fc00_209;
v000002b5f870fc00_210 .array/port v000002b5f870fc00, 210;
v000002b5f870fc00_211 .array/port v000002b5f870fc00, 211;
v000002b5f870fc00_212 .array/port v000002b5f870fc00, 212;
v000002b5f870fc00_213 .array/port v000002b5f870fc00, 213;
E_000002b5f86b6ad0/53 .event anyedge, v000002b5f870fc00_210, v000002b5f870fc00_211, v000002b5f870fc00_212, v000002b5f870fc00_213;
v000002b5f870fc00_214 .array/port v000002b5f870fc00, 214;
v000002b5f870fc00_215 .array/port v000002b5f870fc00, 215;
v000002b5f870fc00_216 .array/port v000002b5f870fc00, 216;
v000002b5f870fc00_217 .array/port v000002b5f870fc00, 217;
E_000002b5f86b6ad0/54 .event anyedge, v000002b5f870fc00_214, v000002b5f870fc00_215, v000002b5f870fc00_216, v000002b5f870fc00_217;
v000002b5f870fc00_218 .array/port v000002b5f870fc00, 218;
v000002b5f870fc00_219 .array/port v000002b5f870fc00, 219;
v000002b5f870fc00_220 .array/port v000002b5f870fc00, 220;
v000002b5f870fc00_221 .array/port v000002b5f870fc00, 221;
E_000002b5f86b6ad0/55 .event anyedge, v000002b5f870fc00_218, v000002b5f870fc00_219, v000002b5f870fc00_220, v000002b5f870fc00_221;
v000002b5f870fc00_222 .array/port v000002b5f870fc00, 222;
v000002b5f870fc00_223 .array/port v000002b5f870fc00, 223;
v000002b5f870fc00_224 .array/port v000002b5f870fc00, 224;
v000002b5f870fc00_225 .array/port v000002b5f870fc00, 225;
E_000002b5f86b6ad0/56 .event anyedge, v000002b5f870fc00_222, v000002b5f870fc00_223, v000002b5f870fc00_224, v000002b5f870fc00_225;
v000002b5f870fc00_226 .array/port v000002b5f870fc00, 226;
v000002b5f870fc00_227 .array/port v000002b5f870fc00, 227;
v000002b5f870fc00_228 .array/port v000002b5f870fc00, 228;
v000002b5f870fc00_229 .array/port v000002b5f870fc00, 229;
E_000002b5f86b6ad0/57 .event anyedge, v000002b5f870fc00_226, v000002b5f870fc00_227, v000002b5f870fc00_228, v000002b5f870fc00_229;
v000002b5f870fc00_230 .array/port v000002b5f870fc00, 230;
v000002b5f870fc00_231 .array/port v000002b5f870fc00, 231;
v000002b5f870fc00_232 .array/port v000002b5f870fc00, 232;
v000002b5f870fc00_233 .array/port v000002b5f870fc00, 233;
E_000002b5f86b6ad0/58 .event anyedge, v000002b5f870fc00_230, v000002b5f870fc00_231, v000002b5f870fc00_232, v000002b5f870fc00_233;
v000002b5f870fc00_234 .array/port v000002b5f870fc00, 234;
v000002b5f870fc00_235 .array/port v000002b5f870fc00, 235;
v000002b5f870fc00_236 .array/port v000002b5f870fc00, 236;
v000002b5f870fc00_237 .array/port v000002b5f870fc00, 237;
E_000002b5f86b6ad0/59 .event anyedge, v000002b5f870fc00_234, v000002b5f870fc00_235, v000002b5f870fc00_236, v000002b5f870fc00_237;
v000002b5f870fc00_238 .array/port v000002b5f870fc00, 238;
v000002b5f870fc00_239 .array/port v000002b5f870fc00, 239;
v000002b5f870fc00_240 .array/port v000002b5f870fc00, 240;
v000002b5f870fc00_241 .array/port v000002b5f870fc00, 241;
E_000002b5f86b6ad0/60 .event anyedge, v000002b5f870fc00_238, v000002b5f870fc00_239, v000002b5f870fc00_240, v000002b5f870fc00_241;
v000002b5f870fc00_242 .array/port v000002b5f870fc00, 242;
v000002b5f870fc00_243 .array/port v000002b5f870fc00, 243;
v000002b5f870fc00_244 .array/port v000002b5f870fc00, 244;
v000002b5f870fc00_245 .array/port v000002b5f870fc00, 245;
E_000002b5f86b6ad0/61 .event anyedge, v000002b5f870fc00_242, v000002b5f870fc00_243, v000002b5f870fc00_244, v000002b5f870fc00_245;
v000002b5f870fc00_246 .array/port v000002b5f870fc00, 246;
v000002b5f870fc00_247 .array/port v000002b5f870fc00, 247;
v000002b5f870fc00_248 .array/port v000002b5f870fc00, 248;
v000002b5f870fc00_249 .array/port v000002b5f870fc00, 249;
E_000002b5f86b6ad0/62 .event anyedge, v000002b5f870fc00_246, v000002b5f870fc00_247, v000002b5f870fc00_248, v000002b5f870fc00_249;
v000002b5f870fc00_250 .array/port v000002b5f870fc00, 250;
v000002b5f870fc00_251 .array/port v000002b5f870fc00, 251;
v000002b5f870fc00_252 .array/port v000002b5f870fc00, 252;
v000002b5f870fc00_253 .array/port v000002b5f870fc00, 253;
E_000002b5f86b6ad0/63 .event anyedge, v000002b5f870fc00_250, v000002b5f870fc00_251, v000002b5f870fc00_252, v000002b5f870fc00_253;
v000002b5f870fc00_254 .array/port v000002b5f870fc00, 254;
v000002b5f870fc00_255 .array/port v000002b5f870fc00, 255;
v000002b5f870fc00_256 .array/port v000002b5f870fc00, 256;
v000002b5f870fc00_257 .array/port v000002b5f870fc00, 257;
E_000002b5f86b6ad0/64 .event anyedge, v000002b5f870fc00_254, v000002b5f870fc00_255, v000002b5f870fc00_256, v000002b5f870fc00_257;
v000002b5f870fc00_258 .array/port v000002b5f870fc00, 258;
v000002b5f870fc00_259 .array/port v000002b5f870fc00, 259;
v000002b5f870fc00_260 .array/port v000002b5f870fc00, 260;
v000002b5f870fc00_261 .array/port v000002b5f870fc00, 261;
E_000002b5f86b6ad0/65 .event anyedge, v000002b5f870fc00_258, v000002b5f870fc00_259, v000002b5f870fc00_260, v000002b5f870fc00_261;
v000002b5f870fc00_262 .array/port v000002b5f870fc00, 262;
v000002b5f870fc00_263 .array/port v000002b5f870fc00, 263;
v000002b5f870fc00_264 .array/port v000002b5f870fc00, 264;
v000002b5f870fc00_265 .array/port v000002b5f870fc00, 265;
E_000002b5f86b6ad0/66 .event anyedge, v000002b5f870fc00_262, v000002b5f870fc00_263, v000002b5f870fc00_264, v000002b5f870fc00_265;
v000002b5f870fc00_266 .array/port v000002b5f870fc00, 266;
v000002b5f870fc00_267 .array/port v000002b5f870fc00, 267;
v000002b5f870fc00_268 .array/port v000002b5f870fc00, 268;
v000002b5f870fc00_269 .array/port v000002b5f870fc00, 269;
E_000002b5f86b6ad0/67 .event anyedge, v000002b5f870fc00_266, v000002b5f870fc00_267, v000002b5f870fc00_268, v000002b5f870fc00_269;
v000002b5f870fc00_270 .array/port v000002b5f870fc00, 270;
v000002b5f870fc00_271 .array/port v000002b5f870fc00, 271;
v000002b5f870fc00_272 .array/port v000002b5f870fc00, 272;
v000002b5f870fc00_273 .array/port v000002b5f870fc00, 273;
E_000002b5f86b6ad0/68 .event anyedge, v000002b5f870fc00_270, v000002b5f870fc00_271, v000002b5f870fc00_272, v000002b5f870fc00_273;
v000002b5f870fc00_274 .array/port v000002b5f870fc00, 274;
v000002b5f870fc00_275 .array/port v000002b5f870fc00, 275;
v000002b5f870fc00_276 .array/port v000002b5f870fc00, 276;
v000002b5f870fc00_277 .array/port v000002b5f870fc00, 277;
E_000002b5f86b6ad0/69 .event anyedge, v000002b5f870fc00_274, v000002b5f870fc00_275, v000002b5f870fc00_276, v000002b5f870fc00_277;
v000002b5f870fc00_278 .array/port v000002b5f870fc00, 278;
v000002b5f870fc00_279 .array/port v000002b5f870fc00, 279;
v000002b5f870fc00_280 .array/port v000002b5f870fc00, 280;
v000002b5f870fc00_281 .array/port v000002b5f870fc00, 281;
E_000002b5f86b6ad0/70 .event anyedge, v000002b5f870fc00_278, v000002b5f870fc00_279, v000002b5f870fc00_280, v000002b5f870fc00_281;
v000002b5f870fc00_282 .array/port v000002b5f870fc00, 282;
v000002b5f870fc00_283 .array/port v000002b5f870fc00, 283;
v000002b5f870fc00_284 .array/port v000002b5f870fc00, 284;
v000002b5f870fc00_285 .array/port v000002b5f870fc00, 285;
E_000002b5f86b6ad0/71 .event anyedge, v000002b5f870fc00_282, v000002b5f870fc00_283, v000002b5f870fc00_284, v000002b5f870fc00_285;
v000002b5f870fc00_286 .array/port v000002b5f870fc00, 286;
v000002b5f870fc00_287 .array/port v000002b5f870fc00, 287;
v000002b5f870fc00_288 .array/port v000002b5f870fc00, 288;
v000002b5f870fc00_289 .array/port v000002b5f870fc00, 289;
E_000002b5f86b6ad0/72 .event anyedge, v000002b5f870fc00_286, v000002b5f870fc00_287, v000002b5f870fc00_288, v000002b5f870fc00_289;
v000002b5f870fc00_290 .array/port v000002b5f870fc00, 290;
v000002b5f870fc00_291 .array/port v000002b5f870fc00, 291;
v000002b5f870fc00_292 .array/port v000002b5f870fc00, 292;
v000002b5f870fc00_293 .array/port v000002b5f870fc00, 293;
E_000002b5f86b6ad0/73 .event anyedge, v000002b5f870fc00_290, v000002b5f870fc00_291, v000002b5f870fc00_292, v000002b5f870fc00_293;
v000002b5f870fc00_294 .array/port v000002b5f870fc00, 294;
v000002b5f870fc00_295 .array/port v000002b5f870fc00, 295;
v000002b5f870fc00_296 .array/port v000002b5f870fc00, 296;
v000002b5f870fc00_297 .array/port v000002b5f870fc00, 297;
E_000002b5f86b6ad0/74 .event anyedge, v000002b5f870fc00_294, v000002b5f870fc00_295, v000002b5f870fc00_296, v000002b5f870fc00_297;
v000002b5f870fc00_298 .array/port v000002b5f870fc00, 298;
v000002b5f870fc00_299 .array/port v000002b5f870fc00, 299;
v000002b5f870fc00_300 .array/port v000002b5f870fc00, 300;
v000002b5f870fc00_301 .array/port v000002b5f870fc00, 301;
E_000002b5f86b6ad0/75 .event anyedge, v000002b5f870fc00_298, v000002b5f870fc00_299, v000002b5f870fc00_300, v000002b5f870fc00_301;
v000002b5f870fc00_302 .array/port v000002b5f870fc00, 302;
v000002b5f870fc00_303 .array/port v000002b5f870fc00, 303;
v000002b5f870fc00_304 .array/port v000002b5f870fc00, 304;
v000002b5f870fc00_305 .array/port v000002b5f870fc00, 305;
E_000002b5f86b6ad0/76 .event anyedge, v000002b5f870fc00_302, v000002b5f870fc00_303, v000002b5f870fc00_304, v000002b5f870fc00_305;
v000002b5f870fc00_306 .array/port v000002b5f870fc00, 306;
v000002b5f870fc00_307 .array/port v000002b5f870fc00, 307;
v000002b5f870fc00_308 .array/port v000002b5f870fc00, 308;
v000002b5f870fc00_309 .array/port v000002b5f870fc00, 309;
E_000002b5f86b6ad0/77 .event anyedge, v000002b5f870fc00_306, v000002b5f870fc00_307, v000002b5f870fc00_308, v000002b5f870fc00_309;
v000002b5f870fc00_310 .array/port v000002b5f870fc00, 310;
v000002b5f870fc00_311 .array/port v000002b5f870fc00, 311;
v000002b5f870fc00_312 .array/port v000002b5f870fc00, 312;
v000002b5f870fc00_313 .array/port v000002b5f870fc00, 313;
E_000002b5f86b6ad0/78 .event anyedge, v000002b5f870fc00_310, v000002b5f870fc00_311, v000002b5f870fc00_312, v000002b5f870fc00_313;
v000002b5f870fc00_314 .array/port v000002b5f870fc00, 314;
v000002b5f870fc00_315 .array/port v000002b5f870fc00, 315;
v000002b5f870fc00_316 .array/port v000002b5f870fc00, 316;
v000002b5f870fc00_317 .array/port v000002b5f870fc00, 317;
E_000002b5f86b6ad0/79 .event anyedge, v000002b5f870fc00_314, v000002b5f870fc00_315, v000002b5f870fc00_316, v000002b5f870fc00_317;
v000002b5f870fc00_318 .array/port v000002b5f870fc00, 318;
v000002b5f870fc00_319 .array/port v000002b5f870fc00, 319;
v000002b5f870fc00_320 .array/port v000002b5f870fc00, 320;
v000002b5f870fc00_321 .array/port v000002b5f870fc00, 321;
E_000002b5f86b6ad0/80 .event anyedge, v000002b5f870fc00_318, v000002b5f870fc00_319, v000002b5f870fc00_320, v000002b5f870fc00_321;
v000002b5f870fc00_322 .array/port v000002b5f870fc00, 322;
v000002b5f870fc00_323 .array/port v000002b5f870fc00, 323;
v000002b5f870fc00_324 .array/port v000002b5f870fc00, 324;
v000002b5f870fc00_325 .array/port v000002b5f870fc00, 325;
E_000002b5f86b6ad0/81 .event anyedge, v000002b5f870fc00_322, v000002b5f870fc00_323, v000002b5f870fc00_324, v000002b5f870fc00_325;
v000002b5f870fc00_326 .array/port v000002b5f870fc00, 326;
v000002b5f870fc00_327 .array/port v000002b5f870fc00, 327;
v000002b5f870fc00_328 .array/port v000002b5f870fc00, 328;
v000002b5f870fc00_329 .array/port v000002b5f870fc00, 329;
E_000002b5f86b6ad0/82 .event anyedge, v000002b5f870fc00_326, v000002b5f870fc00_327, v000002b5f870fc00_328, v000002b5f870fc00_329;
v000002b5f870fc00_330 .array/port v000002b5f870fc00, 330;
v000002b5f870fc00_331 .array/port v000002b5f870fc00, 331;
v000002b5f870fc00_332 .array/port v000002b5f870fc00, 332;
v000002b5f870fc00_333 .array/port v000002b5f870fc00, 333;
E_000002b5f86b6ad0/83 .event anyedge, v000002b5f870fc00_330, v000002b5f870fc00_331, v000002b5f870fc00_332, v000002b5f870fc00_333;
v000002b5f870fc00_334 .array/port v000002b5f870fc00, 334;
v000002b5f870fc00_335 .array/port v000002b5f870fc00, 335;
v000002b5f870fc00_336 .array/port v000002b5f870fc00, 336;
v000002b5f870fc00_337 .array/port v000002b5f870fc00, 337;
E_000002b5f86b6ad0/84 .event anyedge, v000002b5f870fc00_334, v000002b5f870fc00_335, v000002b5f870fc00_336, v000002b5f870fc00_337;
v000002b5f870fc00_338 .array/port v000002b5f870fc00, 338;
v000002b5f870fc00_339 .array/port v000002b5f870fc00, 339;
v000002b5f870fc00_340 .array/port v000002b5f870fc00, 340;
v000002b5f870fc00_341 .array/port v000002b5f870fc00, 341;
E_000002b5f86b6ad0/85 .event anyedge, v000002b5f870fc00_338, v000002b5f870fc00_339, v000002b5f870fc00_340, v000002b5f870fc00_341;
v000002b5f870fc00_342 .array/port v000002b5f870fc00, 342;
v000002b5f870fc00_343 .array/port v000002b5f870fc00, 343;
v000002b5f870fc00_344 .array/port v000002b5f870fc00, 344;
v000002b5f870fc00_345 .array/port v000002b5f870fc00, 345;
E_000002b5f86b6ad0/86 .event anyedge, v000002b5f870fc00_342, v000002b5f870fc00_343, v000002b5f870fc00_344, v000002b5f870fc00_345;
v000002b5f870fc00_346 .array/port v000002b5f870fc00, 346;
v000002b5f870fc00_347 .array/port v000002b5f870fc00, 347;
v000002b5f870fc00_348 .array/port v000002b5f870fc00, 348;
v000002b5f870fc00_349 .array/port v000002b5f870fc00, 349;
E_000002b5f86b6ad0/87 .event anyedge, v000002b5f870fc00_346, v000002b5f870fc00_347, v000002b5f870fc00_348, v000002b5f870fc00_349;
v000002b5f870fc00_350 .array/port v000002b5f870fc00, 350;
v000002b5f870fc00_351 .array/port v000002b5f870fc00, 351;
v000002b5f870fc00_352 .array/port v000002b5f870fc00, 352;
v000002b5f870fc00_353 .array/port v000002b5f870fc00, 353;
E_000002b5f86b6ad0/88 .event anyedge, v000002b5f870fc00_350, v000002b5f870fc00_351, v000002b5f870fc00_352, v000002b5f870fc00_353;
v000002b5f870fc00_354 .array/port v000002b5f870fc00, 354;
v000002b5f870fc00_355 .array/port v000002b5f870fc00, 355;
v000002b5f870fc00_356 .array/port v000002b5f870fc00, 356;
v000002b5f870fc00_357 .array/port v000002b5f870fc00, 357;
E_000002b5f86b6ad0/89 .event anyedge, v000002b5f870fc00_354, v000002b5f870fc00_355, v000002b5f870fc00_356, v000002b5f870fc00_357;
v000002b5f870fc00_358 .array/port v000002b5f870fc00, 358;
v000002b5f870fc00_359 .array/port v000002b5f870fc00, 359;
v000002b5f870fc00_360 .array/port v000002b5f870fc00, 360;
v000002b5f870fc00_361 .array/port v000002b5f870fc00, 361;
E_000002b5f86b6ad0/90 .event anyedge, v000002b5f870fc00_358, v000002b5f870fc00_359, v000002b5f870fc00_360, v000002b5f870fc00_361;
v000002b5f870fc00_362 .array/port v000002b5f870fc00, 362;
v000002b5f870fc00_363 .array/port v000002b5f870fc00, 363;
v000002b5f870fc00_364 .array/port v000002b5f870fc00, 364;
v000002b5f870fc00_365 .array/port v000002b5f870fc00, 365;
E_000002b5f86b6ad0/91 .event anyedge, v000002b5f870fc00_362, v000002b5f870fc00_363, v000002b5f870fc00_364, v000002b5f870fc00_365;
v000002b5f870fc00_366 .array/port v000002b5f870fc00, 366;
v000002b5f870fc00_367 .array/port v000002b5f870fc00, 367;
v000002b5f870fc00_368 .array/port v000002b5f870fc00, 368;
v000002b5f870fc00_369 .array/port v000002b5f870fc00, 369;
E_000002b5f86b6ad0/92 .event anyedge, v000002b5f870fc00_366, v000002b5f870fc00_367, v000002b5f870fc00_368, v000002b5f870fc00_369;
v000002b5f870fc00_370 .array/port v000002b5f870fc00, 370;
v000002b5f870fc00_371 .array/port v000002b5f870fc00, 371;
v000002b5f870fc00_372 .array/port v000002b5f870fc00, 372;
v000002b5f870fc00_373 .array/port v000002b5f870fc00, 373;
E_000002b5f86b6ad0/93 .event anyedge, v000002b5f870fc00_370, v000002b5f870fc00_371, v000002b5f870fc00_372, v000002b5f870fc00_373;
v000002b5f870fc00_374 .array/port v000002b5f870fc00, 374;
v000002b5f870fc00_375 .array/port v000002b5f870fc00, 375;
v000002b5f870fc00_376 .array/port v000002b5f870fc00, 376;
v000002b5f870fc00_377 .array/port v000002b5f870fc00, 377;
E_000002b5f86b6ad0/94 .event anyedge, v000002b5f870fc00_374, v000002b5f870fc00_375, v000002b5f870fc00_376, v000002b5f870fc00_377;
v000002b5f870fc00_378 .array/port v000002b5f870fc00, 378;
v000002b5f870fc00_379 .array/port v000002b5f870fc00, 379;
v000002b5f870fc00_380 .array/port v000002b5f870fc00, 380;
v000002b5f870fc00_381 .array/port v000002b5f870fc00, 381;
E_000002b5f86b6ad0/95 .event anyedge, v000002b5f870fc00_378, v000002b5f870fc00_379, v000002b5f870fc00_380, v000002b5f870fc00_381;
v000002b5f870fc00_382 .array/port v000002b5f870fc00, 382;
v000002b5f870fc00_383 .array/port v000002b5f870fc00, 383;
v000002b5f870fc00_384 .array/port v000002b5f870fc00, 384;
v000002b5f870fc00_385 .array/port v000002b5f870fc00, 385;
E_000002b5f86b6ad0/96 .event anyedge, v000002b5f870fc00_382, v000002b5f870fc00_383, v000002b5f870fc00_384, v000002b5f870fc00_385;
v000002b5f870fc00_386 .array/port v000002b5f870fc00, 386;
v000002b5f870fc00_387 .array/port v000002b5f870fc00, 387;
v000002b5f870fc00_388 .array/port v000002b5f870fc00, 388;
v000002b5f870fc00_389 .array/port v000002b5f870fc00, 389;
E_000002b5f86b6ad0/97 .event anyedge, v000002b5f870fc00_386, v000002b5f870fc00_387, v000002b5f870fc00_388, v000002b5f870fc00_389;
v000002b5f870fc00_390 .array/port v000002b5f870fc00, 390;
v000002b5f870fc00_391 .array/port v000002b5f870fc00, 391;
v000002b5f870fc00_392 .array/port v000002b5f870fc00, 392;
v000002b5f870fc00_393 .array/port v000002b5f870fc00, 393;
E_000002b5f86b6ad0/98 .event anyedge, v000002b5f870fc00_390, v000002b5f870fc00_391, v000002b5f870fc00_392, v000002b5f870fc00_393;
v000002b5f870fc00_394 .array/port v000002b5f870fc00, 394;
v000002b5f870fc00_395 .array/port v000002b5f870fc00, 395;
v000002b5f870fc00_396 .array/port v000002b5f870fc00, 396;
v000002b5f870fc00_397 .array/port v000002b5f870fc00, 397;
E_000002b5f86b6ad0/99 .event anyedge, v000002b5f870fc00_394, v000002b5f870fc00_395, v000002b5f870fc00_396, v000002b5f870fc00_397;
v000002b5f870fc00_398 .array/port v000002b5f870fc00, 398;
v000002b5f870fc00_399 .array/port v000002b5f870fc00, 399;
v000002b5f870fc00_400 .array/port v000002b5f870fc00, 400;
v000002b5f870fc00_401 .array/port v000002b5f870fc00, 401;
E_000002b5f86b6ad0/100 .event anyedge, v000002b5f870fc00_398, v000002b5f870fc00_399, v000002b5f870fc00_400, v000002b5f870fc00_401;
v000002b5f870fc00_402 .array/port v000002b5f870fc00, 402;
v000002b5f870fc00_403 .array/port v000002b5f870fc00, 403;
v000002b5f870fc00_404 .array/port v000002b5f870fc00, 404;
v000002b5f870fc00_405 .array/port v000002b5f870fc00, 405;
E_000002b5f86b6ad0/101 .event anyedge, v000002b5f870fc00_402, v000002b5f870fc00_403, v000002b5f870fc00_404, v000002b5f870fc00_405;
v000002b5f870fc00_406 .array/port v000002b5f870fc00, 406;
v000002b5f870fc00_407 .array/port v000002b5f870fc00, 407;
v000002b5f870fc00_408 .array/port v000002b5f870fc00, 408;
v000002b5f870fc00_409 .array/port v000002b5f870fc00, 409;
E_000002b5f86b6ad0/102 .event anyedge, v000002b5f870fc00_406, v000002b5f870fc00_407, v000002b5f870fc00_408, v000002b5f870fc00_409;
v000002b5f870fc00_410 .array/port v000002b5f870fc00, 410;
v000002b5f870fc00_411 .array/port v000002b5f870fc00, 411;
v000002b5f870fc00_412 .array/port v000002b5f870fc00, 412;
v000002b5f870fc00_413 .array/port v000002b5f870fc00, 413;
E_000002b5f86b6ad0/103 .event anyedge, v000002b5f870fc00_410, v000002b5f870fc00_411, v000002b5f870fc00_412, v000002b5f870fc00_413;
v000002b5f870fc00_414 .array/port v000002b5f870fc00, 414;
v000002b5f870fc00_415 .array/port v000002b5f870fc00, 415;
v000002b5f870fc00_416 .array/port v000002b5f870fc00, 416;
v000002b5f870fc00_417 .array/port v000002b5f870fc00, 417;
E_000002b5f86b6ad0/104 .event anyedge, v000002b5f870fc00_414, v000002b5f870fc00_415, v000002b5f870fc00_416, v000002b5f870fc00_417;
v000002b5f870fc00_418 .array/port v000002b5f870fc00, 418;
v000002b5f870fc00_419 .array/port v000002b5f870fc00, 419;
v000002b5f870fc00_420 .array/port v000002b5f870fc00, 420;
v000002b5f870fc00_421 .array/port v000002b5f870fc00, 421;
E_000002b5f86b6ad0/105 .event anyedge, v000002b5f870fc00_418, v000002b5f870fc00_419, v000002b5f870fc00_420, v000002b5f870fc00_421;
v000002b5f870fc00_422 .array/port v000002b5f870fc00, 422;
v000002b5f870fc00_423 .array/port v000002b5f870fc00, 423;
v000002b5f870fc00_424 .array/port v000002b5f870fc00, 424;
v000002b5f870fc00_425 .array/port v000002b5f870fc00, 425;
E_000002b5f86b6ad0/106 .event anyedge, v000002b5f870fc00_422, v000002b5f870fc00_423, v000002b5f870fc00_424, v000002b5f870fc00_425;
v000002b5f870fc00_426 .array/port v000002b5f870fc00, 426;
v000002b5f870fc00_427 .array/port v000002b5f870fc00, 427;
v000002b5f870fc00_428 .array/port v000002b5f870fc00, 428;
v000002b5f870fc00_429 .array/port v000002b5f870fc00, 429;
E_000002b5f86b6ad0/107 .event anyedge, v000002b5f870fc00_426, v000002b5f870fc00_427, v000002b5f870fc00_428, v000002b5f870fc00_429;
v000002b5f870fc00_430 .array/port v000002b5f870fc00, 430;
v000002b5f870fc00_431 .array/port v000002b5f870fc00, 431;
v000002b5f870fc00_432 .array/port v000002b5f870fc00, 432;
v000002b5f870fc00_433 .array/port v000002b5f870fc00, 433;
E_000002b5f86b6ad0/108 .event anyedge, v000002b5f870fc00_430, v000002b5f870fc00_431, v000002b5f870fc00_432, v000002b5f870fc00_433;
v000002b5f870fc00_434 .array/port v000002b5f870fc00, 434;
v000002b5f870fc00_435 .array/port v000002b5f870fc00, 435;
v000002b5f870fc00_436 .array/port v000002b5f870fc00, 436;
v000002b5f870fc00_437 .array/port v000002b5f870fc00, 437;
E_000002b5f86b6ad0/109 .event anyedge, v000002b5f870fc00_434, v000002b5f870fc00_435, v000002b5f870fc00_436, v000002b5f870fc00_437;
v000002b5f870fc00_438 .array/port v000002b5f870fc00, 438;
v000002b5f870fc00_439 .array/port v000002b5f870fc00, 439;
v000002b5f870fc00_440 .array/port v000002b5f870fc00, 440;
v000002b5f870fc00_441 .array/port v000002b5f870fc00, 441;
E_000002b5f86b6ad0/110 .event anyedge, v000002b5f870fc00_438, v000002b5f870fc00_439, v000002b5f870fc00_440, v000002b5f870fc00_441;
v000002b5f870fc00_442 .array/port v000002b5f870fc00, 442;
v000002b5f870fc00_443 .array/port v000002b5f870fc00, 443;
v000002b5f870fc00_444 .array/port v000002b5f870fc00, 444;
v000002b5f870fc00_445 .array/port v000002b5f870fc00, 445;
E_000002b5f86b6ad0/111 .event anyedge, v000002b5f870fc00_442, v000002b5f870fc00_443, v000002b5f870fc00_444, v000002b5f870fc00_445;
v000002b5f870fc00_446 .array/port v000002b5f870fc00, 446;
v000002b5f870fc00_447 .array/port v000002b5f870fc00, 447;
v000002b5f870fc00_448 .array/port v000002b5f870fc00, 448;
v000002b5f870fc00_449 .array/port v000002b5f870fc00, 449;
E_000002b5f86b6ad0/112 .event anyedge, v000002b5f870fc00_446, v000002b5f870fc00_447, v000002b5f870fc00_448, v000002b5f870fc00_449;
v000002b5f870fc00_450 .array/port v000002b5f870fc00, 450;
v000002b5f870fc00_451 .array/port v000002b5f870fc00, 451;
v000002b5f870fc00_452 .array/port v000002b5f870fc00, 452;
v000002b5f870fc00_453 .array/port v000002b5f870fc00, 453;
E_000002b5f86b6ad0/113 .event anyedge, v000002b5f870fc00_450, v000002b5f870fc00_451, v000002b5f870fc00_452, v000002b5f870fc00_453;
v000002b5f870fc00_454 .array/port v000002b5f870fc00, 454;
v000002b5f870fc00_455 .array/port v000002b5f870fc00, 455;
v000002b5f870fc00_456 .array/port v000002b5f870fc00, 456;
v000002b5f870fc00_457 .array/port v000002b5f870fc00, 457;
E_000002b5f86b6ad0/114 .event anyedge, v000002b5f870fc00_454, v000002b5f870fc00_455, v000002b5f870fc00_456, v000002b5f870fc00_457;
v000002b5f870fc00_458 .array/port v000002b5f870fc00, 458;
v000002b5f870fc00_459 .array/port v000002b5f870fc00, 459;
v000002b5f870fc00_460 .array/port v000002b5f870fc00, 460;
v000002b5f870fc00_461 .array/port v000002b5f870fc00, 461;
E_000002b5f86b6ad0/115 .event anyedge, v000002b5f870fc00_458, v000002b5f870fc00_459, v000002b5f870fc00_460, v000002b5f870fc00_461;
v000002b5f870fc00_462 .array/port v000002b5f870fc00, 462;
v000002b5f870fc00_463 .array/port v000002b5f870fc00, 463;
v000002b5f870fc00_464 .array/port v000002b5f870fc00, 464;
v000002b5f870fc00_465 .array/port v000002b5f870fc00, 465;
E_000002b5f86b6ad0/116 .event anyedge, v000002b5f870fc00_462, v000002b5f870fc00_463, v000002b5f870fc00_464, v000002b5f870fc00_465;
v000002b5f870fc00_466 .array/port v000002b5f870fc00, 466;
v000002b5f870fc00_467 .array/port v000002b5f870fc00, 467;
v000002b5f870fc00_468 .array/port v000002b5f870fc00, 468;
v000002b5f870fc00_469 .array/port v000002b5f870fc00, 469;
E_000002b5f86b6ad0/117 .event anyedge, v000002b5f870fc00_466, v000002b5f870fc00_467, v000002b5f870fc00_468, v000002b5f870fc00_469;
v000002b5f870fc00_470 .array/port v000002b5f870fc00, 470;
v000002b5f870fc00_471 .array/port v000002b5f870fc00, 471;
v000002b5f870fc00_472 .array/port v000002b5f870fc00, 472;
v000002b5f870fc00_473 .array/port v000002b5f870fc00, 473;
E_000002b5f86b6ad0/118 .event anyedge, v000002b5f870fc00_470, v000002b5f870fc00_471, v000002b5f870fc00_472, v000002b5f870fc00_473;
v000002b5f870fc00_474 .array/port v000002b5f870fc00, 474;
v000002b5f870fc00_475 .array/port v000002b5f870fc00, 475;
v000002b5f870fc00_476 .array/port v000002b5f870fc00, 476;
v000002b5f870fc00_477 .array/port v000002b5f870fc00, 477;
E_000002b5f86b6ad0/119 .event anyedge, v000002b5f870fc00_474, v000002b5f870fc00_475, v000002b5f870fc00_476, v000002b5f870fc00_477;
v000002b5f870fc00_478 .array/port v000002b5f870fc00, 478;
v000002b5f870fc00_479 .array/port v000002b5f870fc00, 479;
v000002b5f870fc00_480 .array/port v000002b5f870fc00, 480;
v000002b5f870fc00_481 .array/port v000002b5f870fc00, 481;
E_000002b5f86b6ad0/120 .event anyedge, v000002b5f870fc00_478, v000002b5f870fc00_479, v000002b5f870fc00_480, v000002b5f870fc00_481;
v000002b5f870fc00_482 .array/port v000002b5f870fc00, 482;
v000002b5f870fc00_483 .array/port v000002b5f870fc00, 483;
v000002b5f870fc00_484 .array/port v000002b5f870fc00, 484;
v000002b5f870fc00_485 .array/port v000002b5f870fc00, 485;
E_000002b5f86b6ad0/121 .event anyedge, v000002b5f870fc00_482, v000002b5f870fc00_483, v000002b5f870fc00_484, v000002b5f870fc00_485;
v000002b5f870fc00_486 .array/port v000002b5f870fc00, 486;
v000002b5f870fc00_487 .array/port v000002b5f870fc00, 487;
v000002b5f870fc00_488 .array/port v000002b5f870fc00, 488;
v000002b5f870fc00_489 .array/port v000002b5f870fc00, 489;
E_000002b5f86b6ad0/122 .event anyedge, v000002b5f870fc00_486, v000002b5f870fc00_487, v000002b5f870fc00_488, v000002b5f870fc00_489;
v000002b5f870fc00_490 .array/port v000002b5f870fc00, 490;
v000002b5f870fc00_491 .array/port v000002b5f870fc00, 491;
v000002b5f870fc00_492 .array/port v000002b5f870fc00, 492;
v000002b5f870fc00_493 .array/port v000002b5f870fc00, 493;
E_000002b5f86b6ad0/123 .event anyedge, v000002b5f870fc00_490, v000002b5f870fc00_491, v000002b5f870fc00_492, v000002b5f870fc00_493;
v000002b5f870fc00_494 .array/port v000002b5f870fc00, 494;
v000002b5f870fc00_495 .array/port v000002b5f870fc00, 495;
v000002b5f870fc00_496 .array/port v000002b5f870fc00, 496;
v000002b5f870fc00_497 .array/port v000002b5f870fc00, 497;
E_000002b5f86b6ad0/124 .event anyedge, v000002b5f870fc00_494, v000002b5f870fc00_495, v000002b5f870fc00_496, v000002b5f870fc00_497;
v000002b5f870fc00_498 .array/port v000002b5f870fc00, 498;
v000002b5f870fc00_499 .array/port v000002b5f870fc00, 499;
v000002b5f870fc00_500 .array/port v000002b5f870fc00, 500;
v000002b5f870fc00_501 .array/port v000002b5f870fc00, 501;
E_000002b5f86b6ad0/125 .event anyedge, v000002b5f870fc00_498, v000002b5f870fc00_499, v000002b5f870fc00_500, v000002b5f870fc00_501;
v000002b5f870fc00_502 .array/port v000002b5f870fc00, 502;
v000002b5f870fc00_503 .array/port v000002b5f870fc00, 503;
v000002b5f870fc00_504 .array/port v000002b5f870fc00, 504;
v000002b5f870fc00_505 .array/port v000002b5f870fc00, 505;
E_000002b5f86b6ad0/126 .event anyedge, v000002b5f870fc00_502, v000002b5f870fc00_503, v000002b5f870fc00_504, v000002b5f870fc00_505;
v000002b5f870fc00_506 .array/port v000002b5f870fc00, 506;
v000002b5f870fc00_507 .array/port v000002b5f870fc00, 507;
v000002b5f870fc00_508 .array/port v000002b5f870fc00, 508;
v000002b5f870fc00_509 .array/port v000002b5f870fc00, 509;
E_000002b5f86b6ad0/127 .event anyedge, v000002b5f870fc00_506, v000002b5f870fc00_507, v000002b5f870fc00_508, v000002b5f870fc00_509;
v000002b5f870fc00_510 .array/port v000002b5f870fc00, 510;
v000002b5f870fc00_511 .array/port v000002b5f870fc00, 511;
v000002b5f870fc00_512 .array/port v000002b5f870fc00, 512;
v000002b5f870fc00_513 .array/port v000002b5f870fc00, 513;
E_000002b5f86b6ad0/128 .event anyedge, v000002b5f870fc00_510, v000002b5f870fc00_511, v000002b5f870fc00_512, v000002b5f870fc00_513;
v000002b5f870fc00_514 .array/port v000002b5f870fc00, 514;
v000002b5f870fc00_515 .array/port v000002b5f870fc00, 515;
v000002b5f870fc00_516 .array/port v000002b5f870fc00, 516;
v000002b5f870fc00_517 .array/port v000002b5f870fc00, 517;
E_000002b5f86b6ad0/129 .event anyedge, v000002b5f870fc00_514, v000002b5f870fc00_515, v000002b5f870fc00_516, v000002b5f870fc00_517;
v000002b5f870fc00_518 .array/port v000002b5f870fc00, 518;
v000002b5f870fc00_519 .array/port v000002b5f870fc00, 519;
v000002b5f870fc00_520 .array/port v000002b5f870fc00, 520;
v000002b5f870fc00_521 .array/port v000002b5f870fc00, 521;
E_000002b5f86b6ad0/130 .event anyedge, v000002b5f870fc00_518, v000002b5f870fc00_519, v000002b5f870fc00_520, v000002b5f870fc00_521;
v000002b5f870fc00_522 .array/port v000002b5f870fc00, 522;
v000002b5f870fc00_523 .array/port v000002b5f870fc00, 523;
v000002b5f870fc00_524 .array/port v000002b5f870fc00, 524;
v000002b5f870fc00_525 .array/port v000002b5f870fc00, 525;
E_000002b5f86b6ad0/131 .event anyedge, v000002b5f870fc00_522, v000002b5f870fc00_523, v000002b5f870fc00_524, v000002b5f870fc00_525;
v000002b5f870fc00_526 .array/port v000002b5f870fc00, 526;
v000002b5f870fc00_527 .array/port v000002b5f870fc00, 527;
v000002b5f870fc00_528 .array/port v000002b5f870fc00, 528;
v000002b5f870fc00_529 .array/port v000002b5f870fc00, 529;
E_000002b5f86b6ad0/132 .event anyedge, v000002b5f870fc00_526, v000002b5f870fc00_527, v000002b5f870fc00_528, v000002b5f870fc00_529;
v000002b5f870fc00_530 .array/port v000002b5f870fc00, 530;
v000002b5f870fc00_531 .array/port v000002b5f870fc00, 531;
v000002b5f870fc00_532 .array/port v000002b5f870fc00, 532;
v000002b5f870fc00_533 .array/port v000002b5f870fc00, 533;
E_000002b5f86b6ad0/133 .event anyedge, v000002b5f870fc00_530, v000002b5f870fc00_531, v000002b5f870fc00_532, v000002b5f870fc00_533;
v000002b5f870fc00_534 .array/port v000002b5f870fc00, 534;
v000002b5f870fc00_535 .array/port v000002b5f870fc00, 535;
v000002b5f870fc00_536 .array/port v000002b5f870fc00, 536;
v000002b5f870fc00_537 .array/port v000002b5f870fc00, 537;
E_000002b5f86b6ad0/134 .event anyedge, v000002b5f870fc00_534, v000002b5f870fc00_535, v000002b5f870fc00_536, v000002b5f870fc00_537;
v000002b5f870fc00_538 .array/port v000002b5f870fc00, 538;
v000002b5f870fc00_539 .array/port v000002b5f870fc00, 539;
v000002b5f870fc00_540 .array/port v000002b5f870fc00, 540;
v000002b5f870fc00_541 .array/port v000002b5f870fc00, 541;
E_000002b5f86b6ad0/135 .event anyedge, v000002b5f870fc00_538, v000002b5f870fc00_539, v000002b5f870fc00_540, v000002b5f870fc00_541;
v000002b5f870fc00_542 .array/port v000002b5f870fc00, 542;
v000002b5f870fc00_543 .array/port v000002b5f870fc00, 543;
v000002b5f870fc00_544 .array/port v000002b5f870fc00, 544;
v000002b5f870fc00_545 .array/port v000002b5f870fc00, 545;
E_000002b5f86b6ad0/136 .event anyedge, v000002b5f870fc00_542, v000002b5f870fc00_543, v000002b5f870fc00_544, v000002b5f870fc00_545;
v000002b5f870fc00_546 .array/port v000002b5f870fc00, 546;
v000002b5f870fc00_547 .array/port v000002b5f870fc00, 547;
v000002b5f870fc00_548 .array/port v000002b5f870fc00, 548;
v000002b5f870fc00_549 .array/port v000002b5f870fc00, 549;
E_000002b5f86b6ad0/137 .event anyedge, v000002b5f870fc00_546, v000002b5f870fc00_547, v000002b5f870fc00_548, v000002b5f870fc00_549;
v000002b5f870fc00_550 .array/port v000002b5f870fc00, 550;
v000002b5f870fc00_551 .array/port v000002b5f870fc00, 551;
v000002b5f870fc00_552 .array/port v000002b5f870fc00, 552;
v000002b5f870fc00_553 .array/port v000002b5f870fc00, 553;
E_000002b5f86b6ad0/138 .event anyedge, v000002b5f870fc00_550, v000002b5f870fc00_551, v000002b5f870fc00_552, v000002b5f870fc00_553;
v000002b5f870fc00_554 .array/port v000002b5f870fc00, 554;
v000002b5f870fc00_555 .array/port v000002b5f870fc00, 555;
v000002b5f870fc00_556 .array/port v000002b5f870fc00, 556;
v000002b5f870fc00_557 .array/port v000002b5f870fc00, 557;
E_000002b5f86b6ad0/139 .event anyedge, v000002b5f870fc00_554, v000002b5f870fc00_555, v000002b5f870fc00_556, v000002b5f870fc00_557;
v000002b5f870fc00_558 .array/port v000002b5f870fc00, 558;
v000002b5f870fc00_559 .array/port v000002b5f870fc00, 559;
v000002b5f870fc00_560 .array/port v000002b5f870fc00, 560;
v000002b5f870fc00_561 .array/port v000002b5f870fc00, 561;
E_000002b5f86b6ad0/140 .event anyedge, v000002b5f870fc00_558, v000002b5f870fc00_559, v000002b5f870fc00_560, v000002b5f870fc00_561;
v000002b5f870fc00_562 .array/port v000002b5f870fc00, 562;
v000002b5f870fc00_563 .array/port v000002b5f870fc00, 563;
v000002b5f870fc00_564 .array/port v000002b5f870fc00, 564;
v000002b5f870fc00_565 .array/port v000002b5f870fc00, 565;
E_000002b5f86b6ad0/141 .event anyedge, v000002b5f870fc00_562, v000002b5f870fc00_563, v000002b5f870fc00_564, v000002b5f870fc00_565;
v000002b5f870fc00_566 .array/port v000002b5f870fc00, 566;
v000002b5f870fc00_567 .array/port v000002b5f870fc00, 567;
v000002b5f870fc00_568 .array/port v000002b5f870fc00, 568;
v000002b5f870fc00_569 .array/port v000002b5f870fc00, 569;
E_000002b5f86b6ad0/142 .event anyedge, v000002b5f870fc00_566, v000002b5f870fc00_567, v000002b5f870fc00_568, v000002b5f870fc00_569;
v000002b5f870fc00_570 .array/port v000002b5f870fc00, 570;
v000002b5f870fc00_571 .array/port v000002b5f870fc00, 571;
v000002b5f870fc00_572 .array/port v000002b5f870fc00, 572;
v000002b5f870fc00_573 .array/port v000002b5f870fc00, 573;
E_000002b5f86b6ad0/143 .event anyedge, v000002b5f870fc00_570, v000002b5f870fc00_571, v000002b5f870fc00_572, v000002b5f870fc00_573;
v000002b5f870fc00_574 .array/port v000002b5f870fc00, 574;
v000002b5f870fc00_575 .array/port v000002b5f870fc00, 575;
v000002b5f870fc00_576 .array/port v000002b5f870fc00, 576;
v000002b5f870fc00_577 .array/port v000002b5f870fc00, 577;
E_000002b5f86b6ad0/144 .event anyedge, v000002b5f870fc00_574, v000002b5f870fc00_575, v000002b5f870fc00_576, v000002b5f870fc00_577;
v000002b5f870fc00_578 .array/port v000002b5f870fc00, 578;
v000002b5f870fc00_579 .array/port v000002b5f870fc00, 579;
v000002b5f870fc00_580 .array/port v000002b5f870fc00, 580;
v000002b5f870fc00_581 .array/port v000002b5f870fc00, 581;
E_000002b5f86b6ad0/145 .event anyedge, v000002b5f870fc00_578, v000002b5f870fc00_579, v000002b5f870fc00_580, v000002b5f870fc00_581;
v000002b5f870fc00_582 .array/port v000002b5f870fc00, 582;
v000002b5f870fc00_583 .array/port v000002b5f870fc00, 583;
v000002b5f870fc00_584 .array/port v000002b5f870fc00, 584;
v000002b5f870fc00_585 .array/port v000002b5f870fc00, 585;
E_000002b5f86b6ad0/146 .event anyedge, v000002b5f870fc00_582, v000002b5f870fc00_583, v000002b5f870fc00_584, v000002b5f870fc00_585;
v000002b5f870fc00_586 .array/port v000002b5f870fc00, 586;
v000002b5f870fc00_587 .array/port v000002b5f870fc00, 587;
v000002b5f870fc00_588 .array/port v000002b5f870fc00, 588;
v000002b5f870fc00_589 .array/port v000002b5f870fc00, 589;
E_000002b5f86b6ad0/147 .event anyedge, v000002b5f870fc00_586, v000002b5f870fc00_587, v000002b5f870fc00_588, v000002b5f870fc00_589;
v000002b5f870fc00_590 .array/port v000002b5f870fc00, 590;
v000002b5f870fc00_591 .array/port v000002b5f870fc00, 591;
v000002b5f870fc00_592 .array/port v000002b5f870fc00, 592;
v000002b5f870fc00_593 .array/port v000002b5f870fc00, 593;
E_000002b5f86b6ad0/148 .event anyedge, v000002b5f870fc00_590, v000002b5f870fc00_591, v000002b5f870fc00_592, v000002b5f870fc00_593;
v000002b5f870fc00_594 .array/port v000002b5f870fc00, 594;
v000002b5f870fc00_595 .array/port v000002b5f870fc00, 595;
v000002b5f870fc00_596 .array/port v000002b5f870fc00, 596;
v000002b5f870fc00_597 .array/port v000002b5f870fc00, 597;
E_000002b5f86b6ad0/149 .event anyedge, v000002b5f870fc00_594, v000002b5f870fc00_595, v000002b5f870fc00_596, v000002b5f870fc00_597;
v000002b5f870fc00_598 .array/port v000002b5f870fc00, 598;
v000002b5f870fc00_599 .array/port v000002b5f870fc00, 599;
v000002b5f870fc00_600 .array/port v000002b5f870fc00, 600;
v000002b5f870fc00_601 .array/port v000002b5f870fc00, 601;
E_000002b5f86b6ad0/150 .event anyedge, v000002b5f870fc00_598, v000002b5f870fc00_599, v000002b5f870fc00_600, v000002b5f870fc00_601;
v000002b5f870fc00_602 .array/port v000002b5f870fc00, 602;
v000002b5f870fc00_603 .array/port v000002b5f870fc00, 603;
v000002b5f870fc00_604 .array/port v000002b5f870fc00, 604;
v000002b5f870fc00_605 .array/port v000002b5f870fc00, 605;
E_000002b5f86b6ad0/151 .event anyedge, v000002b5f870fc00_602, v000002b5f870fc00_603, v000002b5f870fc00_604, v000002b5f870fc00_605;
v000002b5f870fc00_606 .array/port v000002b5f870fc00, 606;
v000002b5f870fc00_607 .array/port v000002b5f870fc00, 607;
v000002b5f870fc00_608 .array/port v000002b5f870fc00, 608;
v000002b5f870fc00_609 .array/port v000002b5f870fc00, 609;
E_000002b5f86b6ad0/152 .event anyedge, v000002b5f870fc00_606, v000002b5f870fc00_607, v000002b5f870fc00_608, v000002b5f870fc00_609;
v000002b5f870fc00_610 .array/port v000002b5f870fc00, 610;
v000002b5f870fc00_611 .array/port v000002b5f870fc00, 611;
v000002b5f870fc00_612 .array/port v000002b5f870fc00, 612;
v000002b5f870fc00_613 .array/port v000002b5f870fc00, 613;
E_000002b5f86b6ad0/153 .event anyedge, v000002b5f870fc00_610, v000002b5f870fc00_611, v000002b5f870fc00_612, v000002b5f870fc00_613;
v000002b5f870fc00_614 .array/port v000002b5f870fc00, 614;
v000002b5f870fc00_615 .array/port v000002b5f870fc00, 615;
v000002b5f870fc00_616 .array/port v000002b5f870fc00, 616;
v000002b5f870fc00_617 .array/port v000002b5f870fc00, 617;
E_000002b5f86b6ad0/154 .event anyedge, v000002b5f870fc00_614, v000002b5f870fc00_615, v000002b5f870fc00_616, v000002b5f870fc00_617;
v000002b5f870fc00_618 .array/port v000002b5f870fc00, 618;
v000002b5f870fc00_619 .array/port v000002b5f870fc00, 619;
v000002b5f870fc00_620 .array/port v000002b5f870fc00, 620;
v000002b5f870fc00_621 .array/port v000002b5f870fc00, 621;
E_000002b5f86b6ad0/155 .event anyedge, v000002b5f870fc00_618, v000002b5f870fc00_619, v000002b5f870fc00_620, v000002b5f870fc00_621;
v000002b5f870fc00_622 .array/port v000002b5f870fc00, 622;
v000002b5f870fc00_623 .array/port v000002b5f870fc00, 623;
v000002b5f870fc00_624 .array/port v000002b5f870fc00, 624;
v000002b5f870fc00_625 .array/port v000002b5f870fc00, 625;
E_000002b5f86b6ad0/156 .event anyedge, v000002b5f870fc00_622, v000002b5f870fc00_623, v000002b5f870fc00_624, v000002b5f870fc00_625;
v000002b5f870fc00_626 .array/port v000002b5f870fc00, 626;
v000002b5f870fc00_627 .array/port v000002b5f870fc00, 627;
v000002b5f870fc00_628 .array/port v000002b5f870fc00, 628;
v000002b5f870fc00_629 .array/port v000002b5f870fc00, 629;
E_000002b5f86b6ad0/157 .event anyedge, v000002b5f870fc00_626, v000002b5f870fc00_627, v000002b5f870fc00_628, v000002b5f870fc00_629;
v000002b5f870fc00_630 .array/port v000002b5f870fc00, 630;
v000002b5f870fc00_631 .array/port v000002b5f870fc00, 631;
v000002b5f870fc00_632 .array/port v000002b5f870fc00, 632;
v000002b5f870fc00_633 .array/port v000002b5f870fc00, 633;
E_000002b5f86b6ad0/158 .event anyedge, v000002b5f870fc00_630, v000002b5f870fc00_631, v000002b5f870fc00_632, v000002b5f870fc00_633;
v000002b5f870fc00_634 .array/port v000002b5f870fc00, 634;
v000002b5f870fc00_635 .array/port v000002b5f870fc00, 635;
v000002b5f870fc00_636 .array/port v000002b5f870fc00, 636;
v000002b5f870fc00_637 .array/port v000002b5f870fc00, 637;
E_000002b5f86b6ad0/159 .event anyedge, v000002b5f870fc00_634, v000002b5f870fc00_635, v000002b5f870fc00_636, v000002b5f870fc00_637;
v000002b5f870fc00_638 .array/port v000002b5f870fc00, 638;
v000002b5f870fc00_639 .array/port v000002b5f870fc00, 639;
v000002b5f870fc00_640 .array/port v000002b5f870fc00, 640;
v000002b5f870fc00_641 .array/port v000002b5f870fc00, 641;
E_000002b5f86b6ad0/160 .event anyedge, v000002b5f870fc00_638, v000002b5f870fc00_639, v000002b5f870fc00_640, v000002b5f870fc00_641;
v000002b5f870fc00_642 .array/port v000002b5f870fc00, 642;
v000002b5f870fc00_643 .array/port v000002b5f870fc00, 643;
v000002b5f870fc00_644 .array/port v000002b5f870fc00, 644;
v000002b5f870fc00_645 .array/port v000002b5f870fc00, 645;
E_000002b5f86b6ad0/161 .event anyedge, v000002b5f870fc00_642, v000002b5f870fc00_643, v000002b5f870fc00_644, v000002b5f870fc00_645;
v000002b5f870fc00_646 .array/port v000002b5f870fc00, 646;
v000002b5f870fc00_647 .array/port v000002b5f870fc00, 647;
v000002b5f870fc00_648 .array/port v000002b5f870fc00, 648;
v000002b5f870fc00_649 .array/port v000002b5f870fc00, 649;
E_000002b5f86b6ad0/162 .event anyedge, v000002b5f870fc00_646, v000002b5f870fc00_647, v000002b5f870fc00_648, v000002b5f870fc00_649;
v000002b5f870fc00_650 .array/port v000002b5f870fc00, 650;
v000002b5f870fc00_651 .array/port v000002b5f870fc00, 651;
v000002b5f870fc00_652 .array/port v000002b5f870fc00, 652;
v000002b5f870fc00_653 .array/port v000002b5f870fc00, 653;
E_000002b5f86b6ad0/163 .event anyedge, v000002b5f870fc00_650, v000002b5f870fc00_651, v000002b5f870fc00_652, v000002b5f870fc00_653;
v000002b5f870fc00_654 .array/port v000002b5f870fc00, 654;
v000002b5f870fc00_655 .array/port v000002b5f870fc00, 655;
v000002b5f870fc00_656 .array/port v000002b5f870fc00, 656;
v000002b5f870fc00_657 .array/port v000002b5f870fc00, 657;
E_000002b5f86b6ad0/164 .event anyedge, v000002b5f870fc00_654, v000002b5f870fc00_655, v000002b5f870fc00_656, v000002b5f870fc00_657;
v000002b5f870fc00_658 .array/port v000002b5f870fc00, 658;
v000002b5f870fc00_659 .array/port v000002b5f870fc00, 659;
v000002b5f870fc00_660 .array/port v000002b5f870fc00, 660;
v000002b5f870fc00_661 .array/port v000002b5f870fc00, 661;
E_000002b5f86b6ad0/165 .event anyedge, v000002b5f870fc00_658, v000002b5f870fc00_659, v000002b5f870fc00_660, v000002b5f870fc00_661;
v000002b5f870fc00_662 .array/port v000002b5f870fc00, 662;
v000002b5f870fc00_663 .array/port v000002b5f870fc00, 663;
v000002b5f870fc00_664 .array/port v000002b5f870fc00, 664;
v000002b5f870fc00_665 .array/port v000002b5f870fc00, 665;
E_000002b5f86b6ad0/166 .event anyedge, v000002b5f870fc00_662, v000002b5f870fc00_663, v000002b5f870fc00_664, v000002b5f870fc00_665;
v000002b5f870fc00_666 .array/port v000002b5f870fc00, 666;
v000002b5f870fc00_667 .array/port v000002b5f870fc00, 667;
v000002b5f870fc00_668 .array/port v000002b5f870fc00, 668;
v000002b5f870fc00_669 .array/port v000002b5f870fc00, 669;
E_000002b5f86b6ad0/167 .event anyedge, v000002b5f870fc00_666, v000002b5f870fc00_667, v000002b5f870fc00_668, v000002b5f870fc00_669;
v000002b5f870fc00_670 .array/port v000002b5f870fc00, 670;
v000002b5f870fc00_671 .array/port v000002b5f870fc00, 671;
v000002b5f870fc00_672 .array/port v000002b5f870fc00, 672;
v000002b5f870fc00_673 .array/port v000002b5f870fc00, 673;
E_000002b5f86b6ad0/168 .event anyedge, v000002b5f870fc00_670, v000002b5f870fc00_671, v000002b5f870fc00_672, v000002b5f870fc00_673;
v000002b5f870fc00_674 .array/port v000002b5f870fc00, 674;
v000002b5f870fc00_675 .array/port v000002b5f870fc00, 675;
v000002b5f870fc00_676 .array/port v000002b5f870fc00, 676;
v000002b5f870fc00_677 .array/port v000002b5f870fc00, 677;
E_000002b5f86b6ad0/169 .event anyedge, v000002b5f870fc00_674, v000002b5f870fc00_675, v000002b5f870fc00_676, v000002b5f870fc00_677;
v000002b5f870fc00_678 .array/port v000002b5f870fc00, 678;
v000002b5f870fc00_679 .array/port v000002b5f870fc00, 679;
v000002b5f870fc00_680 .array/port v000002b5f870fc00, 680;
v000002b5f870fc00_681 .array/port v000002b5f870fc00, 681;
E_000002b5f86b6ad0/170 .event anyedge, v000002b5f870fc00_678, v000002b5f870fc00_679, v000002b5f870fc00_680, v000002b5f870fc00_681;
v000002b5f870fc00_682 .array/port v000002b5f870fc00, 682;
v000002b5f870fc00_683 .array/port v000002b5f870fc00, 683;
v000002b5f870fc00_684 .array/port v000002b5f870fc00, 684;
v000002b5f870fc00_685 .array/port v000002b5f870fc00, 685;
E_000002b5f86b6ad0/171 .event anyedge, v000002b5f870fc00_682, v000002b5f870fc00_683, v000002b5f870fc00_684, v000002b5f870fc00_685;
v000002b5f870fc00_686 .array/port v000002b5f870fc00, 686;
v000002b5f870fc00_687 .array/port v000002b5f870fc00, 687;
v000002b5f870fc00_688 .array/port v000002b5f870fc00, 688;
v000002b5f870fc00_689 .array/port v000002b5f870fc00, 689;
E_000002b5f86b6ad0/172 .event anyedge, v000002b5f870fc00_686, v000002b5f870fc00_687, v000002b5f870fc00_688, v000002b5f870fc00_689;
v000002b5f870fc00_690 .array/port v000002b5f870fc00, 690;
v000002b5f870fc00_691 .array/port v000002b5f870fc00, 691;
v000002b5f870fc00_692 .array/port v000002b5f870fc00, 692;
v000002b5f870fc00_693 .array/port v000002b5f870fc00, 693;
E_000002b5f86b6ad0/173 .event anyedge, v000002b5f870fc00_690, v000002b5f870fc00_691, v000002b5f870fc00_692, v000002b5f870fc00_693;
v000002b5f870fc00_694 .array/port v000002b5f870fc00, 694;
v000002b5f870fc00_695 .array/port v000002b5f870fc00, 695;
v000002b5f870fc00_696 .array/port v000002b5f870fc00, 696;
v000002b5f870fc00_697 .array/port v000002b5f870fc00, 697;
E_000002b5f86b6ad0/174 .event anyedge, v000002b5f870fc00_694, v000002b5f870fc00_695, v000002b5f870fc00_696, v000002b5f870fc00_697;
v000002b5f870fc00_698 .array/port v000002b5f870fc00, 698;
v000002b5f870fc00_699 .array/port v000002b5f870fc00, 699;
v000002b5f870fc00_700 .array/port v000002b5f870fc00, 700;
v000002b5f870fc00_701 .array/port v000002b5f870fc00, 701;
E_000002b5f86b6ad0/175 .event anyedge, v000002b5f870fc00_698, v000002b5f870fc00_699, v000002b5f870fc00_700, v000002b5f870fc00_701;
v000002b5f870fc00_702 .array/port v000002b5f870fc00, 702;
v000002b5f870fc00_703 .array/port v000002b5f870fc00, 703;
v000002b5f870fc00_704 .array/port v000002b5f870fc00, 704;
v000002b5f870fc00_705 .array/port v000002b5f870fc00, 705;
E_000002b5f86b6ad0/176 .event anyedge, v000002b5f870fc00_702, v000002b5f870fc00_703, v000002b5f870fc00_704, v000002b5f870fc00_705;
v000002b5f870fc00_706 .array/port v000002b5f870fc00, 706;
v000002b5f870fc00_707 .array/port v000002b5f870fc00, 707;
v000002b5f870fc00_708 .array/port v000002b5f870fc00, 708;
v000002b5f870fc00_709 .array/port v000002b5f870fc00, 709;
E_000002b5f86b6ad0/177 .event anyedge, v000002b5f870fc00_706, v000002b5f870fc00_707, v000002b5f870fc00_708, v000002b5f870fc00_709;
v000002b5f870fc00_710 .array/port v000002b5f870fc00, 710;
v000002b5f870fc00_711 .array/port v000002b5f870fc00, 711;
v000002b5f870fc00_712 .array/port v000002b5f870fc00, 712;
v000002b5f870fc00_713 .array/port v000002b5f870fc00, 713;
E_000002b5f86b6ad0/178 .event anyedge, v000002b5f870fc00_710, v000002b5f870fc00_711, v000002b5f870fc00_712, v000002b5f870fc00_713;
v000002b5f870fc00_714 .array/port v000002b5f870fc00, 714;
v000002b5f870fc00_715 .array/port v000002b5f870fc00, 715;
v000002b5f870fc00_716 .array/port v000002b5f870fc00, 716;
v000002b5f870fc00_717 .array/port v000002b5f870fc00, 717;
E_000002b5f86b6ad0/179 .event anyedge, v000002b5f870fc00_714, v000002b5f870fc00_715, v000002b5f870fc00_716, v000002b5f870fc00_717;
v000002b5f870fc00_718 .array/port v000002b5f870fc00, 718;
v000002b5f870fc00_719 .array/port v000002b5f870fc00, 719;
v000002b5f870fc00_720 .array/port v000002b5f870fc00, 720;
v000002b5f870fc00_721 .array/port v000002b5f870fc00, 721;
E_000002b5f86b6ad0/180 .event anyedge, v000002b5f870fc00_718, v000002b5f870fc00_719, v000002b5f870fc00_720, v000002b5f870fc00_721;
v000002b5f870fc00_722 .array/port v000002b5f870fc00, 722;
v000002b5f870fc00_723 .array/port v000002b5f870fc00, 723;
v000002b5f870fc00_724 .array/port v000002b5f870fc00, 724;
v000002b5f870fc00_725 .array/port v000002b5f870fc00, 725;
E_000002b5f86b6ad0/181 .event anyedge, v000002b5f870fc00_722, v000002b5f870fc00_723, v000002b5f870fc00_724, v000002b5f870fc00_725;
v000002b5f870fc00_726 .array/port v000002b5f870fc00, 726;
v000002b5f870fc00_727 .array/port v000002b5f870fc00, 727;
v000002b5f870fc00_728 .array/port v000002b5f870fc00, 728;
v000002b5f870fc00_729 .array/port v000002b5f870fc00, 729;
E_000002b5f86b6ad0/182 .event anyedge, v000002b5f870fc00_726, v000002b5f870fc00_727, v000002b5f870fc00_728, v000002b5f870fc00_729;
v000002b5f870fc00_730 .array/port v000002b5f870fc00, 730;
v000002b5f870fc00_731 .array/port v000002b5f870fc00, 731;
v000002b5f870fc00_732 .array/port v000002b5f870fc00, 732;
v000002b5f870fc00_733 .array/port v000002b5f870fc00, 733;
E_000002b5f86b6ad0/183 .event anyedge, v000002b5f870fc00_730, v000002b5f870fc00_731, v000002b5f870fc00_732, v000002b5f870fc00_733;
v000002b5f870fc00_734 .array/port v000002b5f870fc00, 734;
v000002b5f870fc00_735 .array/port v000002b5f870fc00, 735;
v000002b5f870fc00_736 .array/port v000002b5f870fc00, 736;
v000002b5f870fc00_737 .array/port v000002b5f870fc00, 737;
E_000002b5f86b6ad0/184 .event anyedge, v000002b5f870fc00_734, v000002b5f870fc00_735, v000002b5f870fc00_736, v000002b5f870fc00_737;
v000002b5f870fc00_738 .array/port v000002b5f870fc00, 738;
v000002b5f870fc00_739 .array/port v000002b5f870fc00, 739;
v000002b5f870fc00_740 .array/port v000002b5f870fc00, 740;
v000002b5f870fc00_741 .array/port v000002b5f870fc00, 741;
E_000002b5f86b6ad0/185 .event anyedge, v000002b5f870fc00_738, v000002b5f870fc00_739, v000002b5f870fc00_740, v000002b5f870fc00_741;
v000002b5f870fc00_742 .array/port v000002b5f870fc00, 742;
v000002b5f870fc00_743 .array/port v000002b5f870fc00, 743;
v000002b5f870fc00_744 .array/port v000002b5f870fc00, 744;
v000002b5f870fc00_745 .array/port v000002b5f870fc00, 745;
E_000002b5f86b6ad0/186 .event anyedge, v000002b5f870fc00_742, v000002b5f870fc00_743, v000002b5f870fc00_744, v000002b5f870fc00_745;
v000002b5f870fc00_746 .array/port v000002b5f870fc00, 746;
v000002b5f870fc00_747 .array/port v000002b5f870fc00, 747;
v000002b5f870fc00_748 .array/port v000002b5f870fc00, 748;
v000002b5f870fc00_749 .array/port v000002b5f870fc00, 749;
E_000002b5f86b6ad0/187 .event anyedge, v000002b5f870fc00_746, v000002b5f870fc00_747, v000002b5f870fc00_748, v000002b5f870fc00_749;
v000002b5f870fc00_750 .array/port v000002b5f870fc00, 750;
v000002b5f870fc00_751 .array/port v000002b5f870fc00, 751;
v000002b5f870fc00_752 .array/port v000002b5f870fc00, 752;
v000002b5f870fc00_753 .array/port v000002b5f870fc00, 753;
E_000002b5f86b6ad0/188 .event anyedge, v000002b5f870fc00_750, v000002b5f870fc00_751, v000002b5f870fc00_752, v000002b5f870fc00_753;
v000002b5f870fc00_754 .array/port v000002b5f870fc00, 754;
v000002b5f870fc00_755 .array/port v000002b5f870fc00, 755;
v000002b5f870fc00_756 .array/port v000002b5f870fc00, 756;
v000002b5f870fc00_757 .array/port v000002b5f870fc00, 757;
E_000002b5f86b6ad0/189 .event anyedge, v000002b5f870fc00_754, v000002b5f870fc00_755, v000002b5f870fc00_756, v000002b5f870fc00_757;
v000002b5f870fc00_758 .array/port v000002b5f870fc00, 758;
v000002b5f870fc00_759 .array/port v000002b5f870fc00, 759;
v000002b5f870fc00_760 .array/port v000002b5f870fc00, 760;
v000002b5f870fc00_761 .array/port v000002b5f870fc00, 761;
E_000002b5f86b6ad0/190 .event anyedge, v000002b5f870fc00_758, v000002b5f870fc00_759, v000002b5f870fc00_760, v000002b5f870fc00_761;
v000002b5f870fc00_762 .array/port v000002b5f870fc00, 762;
v000002b5f870fc00_763 .array/port v000002b5f870fc00, 763;
v000002b5f870fc00_764 .array/port v000002b5f870fc00, 764;
v000002b5f870fc00_765 .array/port v000002b5f870fc00, 765;
E_000002b5f86b6ad0/191 .event anyedge, v000002b5f870fc00_762, v000002b5f870fc00_763, v000002b5f870fc00_764, v000002b5f870fc00_765;
v000002b5f870fc00_766 .array/port v000002b5f870fc00, 766;
v000002b5f870fc00_767 .array/port v000002b5f870fc00, 767;
v000002b5f870fc00_768 .array/port v000002b5f870fc00, 768;
v000002b5f870fc00_769 .array/port v000002b5f870fc00, 769;
E_000002b5f86b6ad0/192 .event anyedge, v000002b5f870fc00_766, v000002b5f870fc00_767, v000002b5f870fc00_768, v000002b5f870fc00_769;
v000002b5f870fc00_770 .array/port v000002b5f870fc00, 770;
v000002b5f870fc00_771 .array/port v000002b5f870fc00, 771;
v000002b5f870fc00_772 .array/port v000002b5f870fc00, 772;
v000002b5f870fc00_773 .array/port v000002b5f870fc00, 773;
E_000002b5f86b6ad0/193 .event anyedge, v000002b5f870fc00_770, v000002b5f870fc00_771, v000002b5f870fc00_772, v000002b5f870fc00_773;
v000002b5f870fc00_774 .array/port v000002b5f870fc00, 774;
v000002b5f870fc00_775 .array/port v000002b5f870fc00, 775;
v000002b5f870fc00_776 .array/port v000002b5f870fc00, 776;
v000002b5f870fc00_777 .array/port v000002b5f870fc00, 777;
E_000002b5f86b6ad0/194 .event anyedge, v000002b5f870fc00_774, v000002b5f870fc00_775, v000002b5f870fc00_776, v000002b5f870fc00_777;
v000002b5f870fc00_778 .array/port v000002b5f870fc00, 778;
v000002b5f870fc00_779 .array/port v000002b5f870fc00, 779;
v000002b5f870fc00_780 .array/port v000002b5f870fc00, 780;
v000002b5f870fc00_781 .array/port v000002b5f870fc00, 781;
E_000002b5f86b6ad0/195 .event anyedge, v000002b5f870fc00_778, v000002b5f870fc00_779, v000002b5f870fc00_780, v000002b5f870fc00_781;
v000002b5f870fc00_782 .array/port v000002b5f870fc00, 782;
v000002b5f870fc00_783 .array/port v000002b5f870fc00, 783;
v000002b5f870fc00_784 .array/port v000002b5f870fc00, 784;
v000002b5f870fc00_785 .array/port v000002b5f870fc00, 785;
E_000002b5f86b6ad0/196 .event anyedge, v000002b5f870fc00_782, v000002b5f870fc00_783, v000002b5f870fc00_784, v000002b5f870fc00_785;
v000002b5f870fc00_786 .array/port v000002b5f870fc00, 786;
v000002b5f870fc00_787 .array/port v000002b5f870fc00, 787;
v000002b5f870fc00_788 .array/port v000002b5f870fc00, 788;
v000002b5f870fc00_789 .array/port v000002b5f870fc00, 789;
E_000002b5f86b6ad0/197 .event anyedge, v000002b5f870fc00_786, v000002b5f870fc00_787, v000002b5f870fc00_788, v000002b5f870fc00_789;
v000002b5f870fc00_790 .array/port v000002b5f870fc00, 790;
v000002b5f870fc00_791 .array/port v000002b5f870fc00, 791;
v000002b5f870fc00_792 .array/port v000002b5f870fc00, 792;
v000002b5f870fc00_793 .array/port v000002b5f870fc00, 793;
E_000002b5f86b6ad0/198 .event anyedge, v000002b5f870fc00_790, v000002b5f870fc00_791, v000002b5f870fc00_792, v000002b5f870fc00_793;
v000002b5f870fc00_794 .array/port v000002b5f870fc00, 794;
v000002b5f870fc00_795 .array/port v000002b5f870fc00, 795;
v000002b5f870fc00_796 .array/port v000002b5f870fc00, 796;
v000002b5f870fc00_797 .array/port v000002b5f870fc00, 797;
E_000002b5f86b6ad0/199 .event anyedge, v000002b5f870fc00_794, v000002b5f870fc00_795, v000002b5f870fc00_796, v000002b5f870fc00_797;
v000002b5f870fc00_798 .array/port v000002b5f870fc00, 798;
v000002b5f870fc00_799 .array/port v000002b5f870fc00, 799;
v000002b5f870fc00_800 .array/port v000002b5f870fc00, 800;
v000002b5f870fc00_801 .array/port v000002b5f870fc00, 801;
E_000002b5f86b6ad0/200 .event anyedge, v000002b5f870fc00_798, v000002b5f870fc00_799, v000002b5f870fc00_800, v000002b5f870fc00_801;
v000002b5f870fc00_802 .array/port v000002b5f870fc00, 802;
v000002b5f870fc00_803 .array/port v000002b5f870fc00, 803;
v000002b5f870fc00_804 .array/port v000002b5f870fc00, 804;
v000002b5f870fc00_805 .array/port v000002b5f870fc00, 805;
E_000002b5f86b6ad0/201 .event anyedge, v000002b5f870fc00_802, v000002b5f870fc00_803, v000002b5f870fc00_804, v000002b5f870fc00_805;
v000002b5f870fc00_806 .array/port v000002b5f870fc00, 806;
v000002b5f870fc00_807 .array/port v000002b5f870fc00, 807;
v000002b5f870fc00_808 .array/port v000002b5f870fc00, 808;
v000002b5f870fc00_809 .array/port v000002b5f870fc00, 809;
E_000002b5f86b6ad0/202 .event anyedge, v000002b5f870fc00_806, v000002b5f870fc00_807, v000002b5f870fc00_808, v000002b5f870fc00_809;
v000002b5f870fc00_810 .array/port v000002b5f870fc00, 810;
v000002b5f870fc00_811 .array/port v000002b5f870fc00, 811;
v000002b5f870fc00_812 .array/port v000002b5f870fc00, 812;
v000002b5f870fc00_813 .array/port v000002b5f870fc00, 813;
E_000002b5f86b6ad0/203 .event anyedge, v000002b5f870fc00_810, v000002b5f870fc00_811, v000002b5f870fc00_812, v000002b5f870fc00_813;
v000002b5f870fc00_814 .array/port v000002b5f870fc00, 814;
v000002b5f870fc00_815 .array/port v000002b5f870fc00, 815;
v000002b5f870fc00_816 .array/port v000002b5f870fc00, 816;
v000002b5f870fc00_817 .array/port v000002b5f870fc00, 817;
E_000002b5f86b6ad0/204 .event anyedge, v000002b5f870fc00_814, v000002b5f870fc00_815, v000002b5f870fc00_816, v000002b5f870fc00_817;
v000002b5f870fc00_818 .array/port v000002b5f870fc00, 818;
v000002b5f870fc00_819 .array/port v000002b5f870fc00, 819;
v000002b5f870fc00_820 .array/port v000002b5f870fc00, 820;
v000002b5f870fc00_821 .array/port v000002b5f870fc00, 821;
E_000002b5f86b6ad0/205 .event anyedge, v000002b5f870fc00_818, v000002b5f870fc00_819, v000002b5f870fc00_820, v000002b5f870fc00_821;
v000002b5f870fc00_822 .array/port v000002b5f870fc00, 822;
v000002b5f870fc00_823 .array/port v000002b5f870fc00, 823;
v000002b5f870fc00_824 .array/port v000002b5f870fc00, 824;
v000002b5f870fc00_825 .array/port v000002b5f870fc00, 825;
E_000002b5f86b6ad0/206 .event anyedge, v000002b5f870fc00_822, v000002b5f870fc00_823, v000002b5f870fc00_824, v000002b5f870fc00_825;
v000002b5f870fc00_826 .array/port v000002b5f870fc00, 826;
v000002b5f870fc00_827 .array/port v000002b5f870fc00, 827;
v000002b5f870fc00_828 .array/port v000002b5f870fc00, 828;
v000002b5f870fc00_829 .array/port v000002b5f870fc00, 829;
E_000002b5f86b6ad0/207 .event anyedge, v000002b5f870fc00_826, v000002b5f870fc00_827, v000002b5f870fc00_828, v000002b5f870fc00_829;
v000002b5f870fc00_830 .array/port v000002b5f870fc00, 830;
v000002b5f870fc00_831 .array/port v000002b5f870fc00, 831;
v000002b5f870fc00_832 .array/port v000002b5f870fc00, 832;
v000002b5f870fc00_833 .array/port v000002b5f870fc00, 833;
E_000002b5f86b6ad0/208 .event anyedge, v000002b5f870fc00_830, v000002b5f870fc00_831, v000002b5f870fc00_832, v000002b5f870fc00_833;
v000002b5f870fc00_834 .array/port v000002b5f870fc00, 834;
v000002b5f870fc00_835 .array/port v000002b5f870fc00, 835;
v000002b5f870fc00_836 .array/port v000002b5f870fc00, 836;
v000002b5f870fc00_837 .array/port v000002b5f870fc00, 837;
E_000002b5f86b6ad0/209 .event anyedge, v000002b5f870fc00_834, v000002b5f870fc00_835, v000002b5f870fc00_836, v000002b5f870fc00_837;
v000002b5f870fc00_838 .array/port v000002b5f870fc00, 838;
v000002b5f870fc00_839 .array/port v000002b5f870fc00, 839;
v000002b5f870fc00_840 .array/port v000002b5f870fc00, 840;
v000002b5f870fc00_841 .array/port v000002b5f870fc00, 841;
E_000002b5f86b6ad0/210 .event anyedge, v000002b5f870fc00_838, v000002b5f870fc00_839, v000002b5f870fc00_840, v000002b5f870fc00_841;
v000002b5f870fc00_842 .array/port v000002b5f870fc00, 842;
v000002b5f870fc00_843 .array/port v000002b5f870fc00, 843;
v000002b5f870fc00_844 .array/port v000002b5f870fc00, 844;
v000002b5f870fc00_845 .array/port v000002b5f870fc00, 845;
E_000002b5f86b6ad0/211 .event anyedge, v000002b5f870fc00_842, v000002b5f870fc00_843, v000002b5f870fc00_844, v000002b5f870fc00_845;
v000002b5f870fc00_846 .array/port v000002b5f870fc00, 846;
v000002b5f870fc00_847 .array/port v000002b5f870fc00, 847;
v000002b5f870fc00_848 .array/port v000002b5f870fc00, 848;
v000002b5f870fc00_849 .array/port v000002b5f870fc00, 849;
E_000002b5f86b6ad0/212 .event anyedge, v000002b5f870fc00_846, v000002b5f870fc00_847, v000002b5f870fc00_848, v000002b5f870fc00_849;
v000002b5f870fc00_850 .array/port v000002b5f870fc00, 850;
v000002b5f870fc00_851 .array/port v000002b5f870fc00, 851;
v000002b5f870fc00_852 .array/port v000002b5f870fc00, 852;
v000002b5f870fc00_853 .array/port v000002b5f870fc00, 853;
E_000002b5f86b6ad0/213 .event anyedge, v000002b5f870fc00_850, v000002b5f870fc00_851, v000002b5f870fc00_852, v000002b5f870fc00_853;
v000002b5f870fc00_854 .array/port v000002b5f870fc00, 854;
v000002b5f870fc00_855 .array/port v000002b5f870fc00, 855;
v000002b5f870fc00_856 .array/port v000002b5f870fc00, 856;
v000002b5f870fc00_857 .array/port v000002b5f870fc00, 857;
E_000002b5f86b6ad0/214 .event anyedge, v000002b5f870fc00_854, v000002b5f870fc00_855, v000002b5f870fc00_856, v000002b5f870fc00_857;
v000002b5f870fc00_858 .array/port v000002b5f870fc00, 858;
v000002b5f870fc00_859 .array/port v000002b5f870fc00, 859;
v000002b5f870fc00_860 .array/port v000002b5f870fc00, 860;
v000002b5f870fc00_861 .array/port v000002b5f870fc00, 861;
E_000002b5f86b6ad0/215 .event anyedge, v000002b5f870fc00_858, v000002b5f870fc00_859, v000002b5f870fc00_860, v000002b5f870fc00_861;
v000002b5f870fc00_862 .array/port v000002b5f870fc00, 862;
v000002b5f870fc00_863 .array/port v000002b5f870fc00, 863;
v000002b5f870fc00_864 .array/port v000002b5f870fc00, 864;
v000002b5f870fc00_865 .array/port v000002b5f870fc00, 865;
E_000002b5f86b6ad0/216 .event anyedge, v000002b5f870fc00_862, v000002b5f870fc00_863, v000002b5f870fc00_864, v000002b5f870fc00_865;
v000002b5f870fc00_866 .array/port v000002b5f870fc00, 866;
v000002b5f870fc00_867 .array/port v000002b5f870fc00, 867;
v000002b5f870fc00_868 .array/port v000002b5f870fc00, 868;
v000002b5f870fc00_869 .array/port v000002b5f870fc00, 869;
E_000002b5f86b6ad0/217 .event anyedge, v000002b5f870fc00_866, v000002b5f870fc00_867, v000002b5f870fc00_868, v000002b5f870fc00_869;
v000002b5f870fc00_870 .array/port v000002b5f870fc00, 870;
v000002b5f870fc00_871 .array/port v000002b5f870fc00, 871;
v000002b5f870fc00_872 .array/port v000002b5f870fc00, 872;
v000002b5f870fc00_873 .array/port v000002b5f870fc00, 873;
E_000002b5f86b6ad0/218 .event anyedge, v000002b5f870fc00_870, v000002b5f870fc00_871, v000002b5f870fc00_872, v000002b5f870fc00_873;
v000002b5f870fc00_874 .array/port v000002b5f870fc00, 874;
v000002b5f870fc00_875 .array/port v000002b5f870fc00, 875;
v000002b5f870fc00_876 .array/port v000002b5f870fc00, 876;
v000002b5f870fc00_877 .array/port v000002b5f870fc00, 877;
E_000002b5f86b6ad0/219 .event anyedge, v000002b5f870fc00_874, v000002b5f870fc00_875, v000002b5f870fc00_876, v000002b5f870fc00_877;
v000002b5f870fc00_878 .array/port v000002b5f870fc00, 878;
v000002b5f870fc00_879 .array/port v000002b5f870fc00, 879;
v000002b5f870fc00_880 .array/port v000002b5f870fc00, 880;
v000002b5f870fc00_881 .array/port v000002b5f870fc00, 881;
E_000002b5f86b6ad0/220 .event anyedge, v000002b5f870fc00_878, v000002b5f870fc00_879, v000002b5f870fc00_880, v000002b5f870fc00_881;
v000002b5f870fc00_882 .array/port v000002b5f870fc00, 882;
v000002b5f870fc00_883 .array/port v000002b5f870fc00, 883;
v000002b5f870fc00_884 .array/port v000002b5f870fc00, 884;
v000002b5f870fc00_885 .array/port v000002b5f870fc00, 885;
E_000002b5f86b6ad0/221 .event anyedge, v000002b5f870fc00_882, v000002b5f870fc00_883, v000002b5f870fc00_884, v000002b5f870fc00_885;
v000002b5f870fc00_886 .array/port v000002b5f870fc00, 886;
v000002b5f870fc00_887 .array/port v000002b5f870fc00, 887;
v000002b5f870fc00_888 .array/port v000002b5f870fc00, 888;
v000002b5f870fc00_889 .array/port v000002b5f870fc00, 889;
E_000002b5f86b6ad0/222 .event anyedge, v000002b5f870fc00_886, v000002b5f870fc00_887, v000002b5f870fc00_888, v000002b5f870fc00_889;
v000002b5f870fc00_890 .array/port v000002b5f870fc00, 890;
v000002b5f870fc00_891 .array/port v000002b5f870fc00, 891;
v000002b5f870fc00_892 .array/port v000002b5f870fc00, 892;
v000002b5f870fc00_893 .array/port v000002b5f870fc00, 893;
E_000002b5f86b6ad0/223 .event anyedge, v000002b5f870fc00_890, v000002b5f870fc00_891, v000002b5f870fc00_892, v000002b5f870fc00_893;
v000002b5f870fc00_894 .array/port v000002b5f870fc00, 894;
v000002b5f870fc00_895 .array/port v000002b5f870fc00, 895;
v000002b5f870fc00_896 .array/port v000002b5f870fc00, 896;
v000002b5f870fc00_897 .array/port v000002b5f870fc00, 897;
E_000002b5f86b6ad0/224 .event anyedge, v000002b5f870fc00_894, v000002b5f870fc00_895, v000002b5f870fc00_896, v000002b5f870fc00_897;
v000002b5f870fc00_898 .array/port v000002b5f870fc00, 898;
v000002b5f870fc00_899 .array/port v000002b5f870fc00, 899;
v000002b5f870fc00_900 .array/port v000002b5f870fc00, 900;
v000002b5f870fc00_901 .array/port v000002b5f870fc00, 901;
E_000002b5f86b6ad0/225 .event anyedge, v000002b5f870fc00_898, v000002b5f870fc00_899, v000002b5f870fc00_900, v000002b5f870fc00_901;
v000002b5f870fc00_902 .array/port v000002b5f870fc00, 902;
v000002b5f870fc00_903 .array/port v000002b5f870fc00, 903;
v000002b5f870fc00_904 .array/port v000002b5f870fc00, 904;
v000002b5f870fc00_905 .array/port v000002b5f870fc00, 905;
E_000002b5f86b6ad0/226 .event anyedge, v000002b5f870fc00_902, v000002b5f870fc00_903, v000002b5f870fc00_904, v000002b5f870fc00_905;
v000002b5f870fc00_906 .array/port v000002b5f870fc00, 906;
v000002b5f870fc00_907 .array/port v000002b5f870fc00, 907;
v000002b5f870fc00_908 .array/port v000002b5f870fc00, 908;
v000002b5f870fc00_909 .array/port v000002b5f870fc00, 909;
E_000002b5f86b6ad0/227 .event anyedge, v000002b5f870fc00_906, v000002b5f870fc00_907, v000002b5f870fc00_908, v000002b5f870fc00_909;
v000002b5f870fc00_910 .array/port v000002b5f870fc00, 910;
v000002b5f870fc00_911 .array/port v000002b5f870fc00, 911;
v000002b5f870fc00_912 .array/port v000002b5f870fc00, 912;
v000002b5f870fc00_913 .array/port v000002b5f870fc00, 913;
E_000002b5f86b6ad0/228 .event anyedge, v000002b5f870fc00_910, v000002b5f870fc00_911, v000002b5f870fc00_912, v000002b5f870fc00_913;
v000002b5f870fc00_914 .array/port v000002b5f870fc00, 914;
v000002b5f870fc00_915 .array/port v000002b5f870fc00, 915;
v000002b5f870fc00_916 .array/port v000002b5f870fc00, 916;
v000002b5f870fc00_917 .array/port v000002b5f870fc00, 917;
E_000002b5f86b6ad0/229 .event anyedge, v000002b5f870fc00_914, v000002b5f870fc00_915, v000002b5f870fc00_916, v000002b5f870fc00_917;
v000002b5f870fc00_918 .array/port v000002b5f870fc00, 918;
v000002b5f870fc00_919 .array/port v000002b5f870fc00, 919;
v000002b5f870fc00_920 .array/port v000002b5f870fc00, 920;
v000002b5f870fc00_921 .array/port v000002b5f870fc00, 921;
E_000002b5f86b6ad0/230 .event anyedge, v000002b5f870fc00_918, v000002b5f870fc00_919, v000002b5f870fc00_920, v000002b5f870fc00_921;
v000002b5f870fc00_922 .array/port v000002b5f870fc00, 922;
v000002b5f870fc00_923 .array/port v000002b5f870fc00, 923;
v000002b5f870fc00_924 .array/port v000002b5f870fc00, 924;
v000002b5f870fc00_925 .array/port v000002b5f870fc00, 925;
E_000002b5f86b6ad0/231 .event anyedge, v000002b5f870fc00_922, v000002b5f870fc00_923, v000002b5f870fc00_924, v000002b5f870fc00_925;
v000002b5f870fc00_926 .array/port v000002b5f870fc00, 926;
v000002b5f870fc00_927 .array/port v000002b5f870fc00, 927;
v000002b5f870fc00_928 .array/port v000002b5f870fc00, 928;
v000002b5f870fc00_929 .array/port v000002b5f870fc00, 929;
E_000002b5f86b6ad0/232 .event anyedge, v000002b5f870fc00_926, v000002b5f870fc00_927, v000002b5f870fc00_928, v000002b5f870fc00_929;
v000002b5f870fc00_930 .array/port v000002b5f870fc00, 930;
v000002b5f870fc00_931 .array/port v000002b5f870fc00, 931;
v000002b5f870fc00_932 .array/port v000002b5f870fc00, 932;
v000002b5f870fc00_933 .array/port v000002b5f870fc00, 933;
E_000002b5f86b6ad0/233 .event anyedge, v000002b5f870fc00_930, v000002b5f870fc00_931, v000002b5f870fc00_932, v000002b5f870fc00_933;
v000002b5f870fc00_934 .array/port v000002b5f870fc00, 934;
v000002b5f870fc00_935 .array/port v000002b5f870fc00, 935;
v000002b5f870fc00_936 .array/port v000002b5f870fc00, 936;
v000002b5f870fc00_937 .array/port v000002b5f870fc00, 937;
E_000002b5f86b6ad0/234 .event anyedge, v000002b5f870fc00_934, v000002b5f870fc00_935, v000002b5f870fc00_936, v000002b5f870fc00_937;
v000002b5f870fc00_938 .array/port v000002b5f870fc00, 938;
v000002b5f870fc00_939 .array/port v000002b5f870fc00, 939;
v000002b5f870fc00_940 .array/port v000002b5f870fc00, 940;
v000002b5f870fc00_941 .array/port v000002b5f870fc00, 941;
E_000002b5f86b6ad0/235 .event anyedge, v000002b5f870fc00_938, v000002b5f870fc00_939, v000002b5f870fc00_940, v000002b5f870fc00_941;
v000002b5f870fc00_942 .array/port v000002b5f870fc00, 942;
v000002b5f870fc00_943 .array/port v000002b5f870fc00, 943;
v000002b5f870fc00_944 .array/port v000002b5f870fc00, 944;
v000002b5f870fc00_945 .array/port v000002b5f870fc00, 945;
E_000002b5f86b6ad0/236 .event anyedge, v000002b5f870fc00_942, v000002b5f870fc00_943, v000002b5f870fc00_944, v000002b5f870fc00_945;
v000002b5f870fc00_946 .array/port v000002b5f870fc00, 946;
v000002b5f870fc00_947 .array/port v000002b5f870fc00, 947;
v000002b5f870fc00_948 .array/port v000002b5f870fc00, 948;
v000002b5f870fc00_949 .array/port v000002b5f870fc00, 949;
E_000002b5f86b6ad0/237 .event anyedge, v000002b5f870fc00_946, v000002b5f870fc00_947, v000002b5f870fc00_948, v000002b5f870fc00_949;
v000002b5f870fc00_950 .array/port v000002b5f870fc00, 950;
v000002b5f870fc00_951 .array/port v000002b5f870fc00, 951;
v000002b5f870fc00_952 .array/port v000002b5f870fc00, 952;
v000002b5f870fc00_953 .array/port v000002b5f870fc00, 953;
E_000002b5f86b6ad0/238 .event anyedge, v000002b5f870fc00_950, v000002b5f870fc00_951, v000002b5f870fc00_952, v000002b5f870fc00_953;
v000002b5f870fc00_954 .array/port v000002b5f870fc00, 954;
v000002b5f870fc00_955 .array/port v000002b5f870fc00, 955;
v000002b5f870fc00_956 .array/port v000002b5f870fc00, 956;
v000002b5f870fc00_957 .array/port v000002b5f870fc00, 957;
E_000002b5f86b6ad0/239 .event anyedge, v000002b5f870fc00_954, v000002b5f870fc00_955, v000002b5f870fc00_956, v000002b5f870fc00_957;
v000002b5f870fc00_958 .array/port v000002b5f870fc00, 958;
v000002b5f870fc00_959 .array/port v000002b5f870fc00, 959;
v000002b5f870fc00_960 .array/port v000002b5f870fc00, 960;
v000002b5f870fc00_961 .array/port v000002b5f870fc00, 961;
E_000002b5f86b6ad0/240 .event anyedge, v000002b5f870fc00_958, v000002b5f870fc00_959, v000002b5f870fc00_960, v000002b5f870fc00_961;
v000002b5f870fc00_962 .array/port v000002b5f870fc00, 962;
v000002b5f870fc00_963 .array/port v000002b5f870fc00, 963;
v000002b5f870fc00_964 .array/port v000002b5f870fc00, 964;
v000002b5f870fc00_965 .array/port v000002b5f870fc00, 965;
E_000002b5f86b6ad0/241 .event anyedge, v000002b5f870fc00_962, v000002b5f870fc00_963, v000002b5f870fc00_964, v000002b5f870fc00_965;
v000002b5f870fc00_966 .array/port v000002b5f870fc00, 966;
v000002b5f870fc00_967 .array/port v000002b5f870fc00, 967;
v000002b5f870fc00_968 .array/port v000002b5f870fc00, 968;
v000002b5f870fc00_969 .array/port v000002b5f870fc00, 969;
E_000002b5f86b6ad0/242 .event anyedge, v000002b5f870fc00_966, v000002b5f870fc00_967, v000002b5f870fc00_968, v000002b5f870fc00_969;
v000002b5f870fc00_970 .array/port v000002b5f870fc00, 970;
v000002b5f870fc00_971 .array/port v000002b5f870fc00, 971;
v000002b5f870fc00_972 .array/port v000002b5f870fc00, 972;
v000002b5f870fc00_973 .array/port v000002b5f870fc00, 973;
E_000002b5f86b6ad0/243 .event anyedge, v000002b5f870fc00_970, v000002b5f870fc00_971, v000002b5f870fc00_972, v000002b5f870fc00_973;
v000002b5f870fc00_974 .array/port v000002b5f870fc00, 974;
v000002b5f870fc00_975 .array/port v000002b5f870fc00, 975;
v000002b5f870fc00_976 .array/port v000002b5f870fc00, 976;
v000002b5f870fc00_977 .array/port v000002b5f870fc00, 977;
E_000002b5f86b6ad0/244 .event anyedge, v000002b5f870fc00_974, v000002b5f870fc00_975, v000002b5f870fc00_976, v000002b5f870fc00_977;
v000002b5f870fc00_978 .array/port v000002b5f870fc00, 978;
v000002b5f870fc00_979 .array/port v000002b5f870fc00, 979;
v000002b5f870fc00_980 .array/port v000002b5f870fc00, 980;
v000002b5f870fc00_981 .array/port v000002b5f870fc00, 981;
E_000002b5f86b6ad0/245 .event anyedge, v000002b5f870fc00_978, v000002b5f870fc00_979, v000002b5f870fc00_980, v000002b5f870fc00_981;
v000002b5f870fc00_982 .array/port v000002b5f870fc00, 982;
v000002b5f870fc00_983 .array/port v000002b5f870fc00, 983;
v000002b5f870fc00_984 .array/port v000002b5f870fc00, 984;
v000002b5f870fc00_985 .array/port v000002b5f870fc00, 985;
E_000002b5f86b6ad0/246 .event anyedge, v000002b5f870fc00_982, v000002b5f870fc00_983, v000002b5f870fc00_984, v000002b5f870fc00_985;
v000002b5f870fc00_986 .array/port v000002b5f870fc00, 986;
v000002b5f870fc00_987 .array/port v000002b5f870fc00, 987;
v000002b5f870fc00_988 .array/port v000002b5f870fc00, 988;
v000002b5f870fc00_989 .array/port v000002b5f870fc00, 989;
E_000002b5f86b6ad0/247 .event anyedge, v000002b5f870fc00_986, v000002b5f870fc00_987, v000002b5f870fc00_988, v000002b5f870fc00_989;
v000002b5f870fc00_990 .array/port v000002b5f870fc00, 990;
v000002b5f870fc00_991 .array/port v000002b5f870fc00, 991;
v000002b5f870fc00_992 .array/port v000002b5f870fc00, 992;
v000002b5f870fc00_993 .array/port v000002b5f870fc00, 993;
E_000002b5f86b6ad0/248 .event anyedge, v000002b5f870fc00_990, v000002b5f870fc00_991, v000002b5f870fc00_992, v000002b5f870fc00_993;
v000002b5f870fc00_994 .array/port v000002b5f870fc00, 994;
v000002b5f870fc00_995 .array/port v000002b5f870fc00, 995;
v000002b5f870fc00_996 .array/port v000002b5f870fc00, 996;
v000002b5f870fc00_997 .array/port v000002b5f870fc00, 997;
E_000002b5f86b6ad0/249 .event anyedge, v000002b5f870fc00_994, v000002b5f870fc00_995, v000002b5f870fc00_996, v000002b5f870fc00_997;
v000002b5f870fc00_998 .array/port v000002b5f870fc00, 998;
v000002b5f870fc00_999 .array/port v000002b5f870fc00, 999;
v000002b5f870fc00_1000 .array/port v000002b5f870fc00, 1000;
v000002b5f870fc00_1001 .array/port v000002b5f870fc00, 1001;
E_000002b5f86b6ad0/250 .event anyedge, v000002b5f870fc00_998, v000002b5f870fc00_999, v000002b5f870fc00_1000, v000002b5f870fc00_1001;
v000002b5f870fc00_1002 .array/port v000002b5f870fc00, 1002;
v000002b5f870fc00_1003 .array/port v000002b5f870fc00, 1003;
v000002b5f870fc00_1004 .array/port v000002b5f870fc00, 1004;
v000002b5f870fc00_1005 .array/port v000002b5f870fc00, 1005;
E_000002b5f86b6ad0/251 .event anyedge, v000002b5f870fc00_1002, v000002b5f870fc00_1003, v000002b5f870fc00_1004, v000002b5f870fc00_1005;
v000002b5f870fc00_1006 .array/port v000002b5f870fc00, 1006;
v000002b5f870fc00_1007 .array/port v000002b5f870fc00, 1007;
v000002b5f870fc00_1008 .array/port v000002b5f870fc00, 1008;
v000002b5f870fc00_1009 .array/port v000002b5f870fc00, 1009;
E_000002b5f86b6ad0/252 .event anyedge, v000002b5f870fc00_1006, v000002b5f870fc00_1007, v000002b5f870fc00_1008, v000002b5f870fc00_1009;
v000002b5f870fc00_1010 .array/port v000002b5f870fc00, 1010;
v000002b5f870fc00_1011 .array/port v000002b5f870fc00, 1011;
v000002b5f870fc00_1012 .array/port v000002b5f870fc00, 1012;
v000002b5f870fc00_1013 .array/port v000002b5f870fc00, 1013;
E_000002b5f86b6ad0/253 .event anyedge, v000002b5f870fc00_1010, v000002b5f870fc00_1011, v000002b5f870fc00_1012, v000002b5f870fc00_1013;
v000002b5f870fc00_1014 .array/port v000002b5f870fc00, 1014;
v000002b5f870fc00_1015 .array/port v000002b5f870fc00, 1015;
v000002b5f870fc00_1016 .array/port v000002b5f870fc00, 1016;
v000002b5f870fc00_1017 .array/port v000002b5f870fc00, 1017;
E_000002b5f86b6ad0/254 .event anyedge, v000002b5f870fc00_1014, v000002b5f870fc00_1015, v000002b5f870fc00_1016, v000002b5f870fc00_1017;
v000002b5f870fc00_1018 .array/port v000002b5f870fc00, 1018;
v000002b5f870fc00_1019 .array/port v000002b5f870fc00, 1019;
v000002b5f870fc00_1020 .array/port v000002b5f870fc00, 1020;
v000002b5f870fc00_1021 .array/port v000002b5f870fc00, 1021;
E_000002b5f86b6ad0/255 .event anyedge, v000002b5f870fc00_1018, v000002b5f870fc00_1019, v000002b5f870fc00_1020, v000002b5f870fc00_1021;
v000002b5f870fc00_1022 .array/port v000002b5f870fc00, 1022;
v000002b5f870fc00_1023 .array/port v000002b5f870fc00, 1023;
E_000002b5f86b6ad0/256 .event anyedge, v000002b5f870fc00_1022, v000002b5f870fc00_1023;
E_000002b5f86b6ad0 .event/or E_000002b5f86b6ad0/0, E_000002b5f86b6ad0/1, E_000002b5f86b6ad0/2, E_000002b5f86b6ad0/3, E_000002b5f86b6ad0/4, E_000002b5f86b6ad0/5, E_000002b5f86b6ad0/6, E_000002b5f86b6ad0/7, E_000002b5f86b6ad0/8, E_000002b5f86b6ad0/9, E_000002b5f86b6ad0/10, E_000002b5f86b6ad0/11, E_000002b5f86b6ad0/12, E_000002b5f86b6ad0/13, E_000002b5f86b6ad0/14, E_000002b5f86b6ad0/15, E_000002b5f86b6ad0/16, E_000002b5f86b6ad0/17, E_000002b5f86b6ad0/18, E_000002b5f86b6ad0/19, E_000002b5f86b6ad0/20, E_000002b5f86b6ad0/21, E_000002b5f86b6ad0/22, E_000002b5f86b6ad0/23, E_000002b5f86b6ad0/24, E_000002b5f86b6ad0/25, E_000002b5f86b6ad0/26, E_000002b5f86b6ad0/27, E_000002b5f86b6ad0/28, E_000002b5f86b6ad0/29, E_000002b5f86b6ad0/30, E_000002b5f86b6ad0/31, E_000002b5f86b6ad0/32, E_000002b5f86b6ad0/33, E_000002b5f86b6ad0/34, E_000002b5f86b6ad0/35, E_000002b5f86b6ad0/36, E_000002b5f86b6ad0/37, E_000002b5f86b6ad0/38, E_000002b5f86b6ad0/39, E_000002b5f86b6ad0/40, E_000002b5f86b6ad0/41, E_000002b5f86b6ad0/42, E_000002b5f86b6ad0/43, E_000002b5f86b6ad0/44, E_000002b5f86b6ad0/45, E_000002b5f86b6ad0/46, E_000002b5f86b6ad0/47, E_000002b5f86b6ad0/48, E_000002b5f86b6ad0/49, E_000002b5f86b6ad0/50, E_000002b5f86b6ad0/51, E_000002b5f86b6ad0/52, E_000002b5f86b6ad0/53, E_000002b5f86b6ad0/54, E_000002b5f86b6ad0/55, E_000002b5f86b6ad0/56, E_000002b5f86b6ad0/57, E_000002b5f86b6ad0/58, E_000002b5f86b6ad0/59, E_000002b5f86b6ad0/60, E_000002b5f86b6ad0/61, E_000002b5f86b6ad0/62, E_000002b5f86b6ad0/63, E_000002b5f86b6ad0/64, E_000002b5f86b6ad0/65, E_000002b5f86b6ad0/66, E_000002b5f86b6ad0/67, E_000002b5f86b6ad0/68, E_000002b5f86b6ad0/69, E_000002b5f86b6ad0/70, E_000002b5f86b6ad0/71, E_000002b5f86b6ad0/72, E_000002b5f86b6ad0/73, E_000002b5f86b6ad0/74, E_000002b5f86b6ad0/75, E_000002b5f86b6ad0/76, E_000002b5f86b6ad0/77, E_000002b5f86b6ad0/78, E_000002b5f86b6ad0/79, E_000002b5f86b6ad0/80, E_000002b5f86b6ad0/81, E_000002b5f86b6ad0/82, E_000002b5f86b6ad0/83, E_000002b5f86b6ad0/84, E_000002b5f86b6ad0/85, E_000002b5f86b6ad0/86, E_000002b5f86b6ad0/87, E_000002b5f86b6ad0/88, E_000002b5f86b6ad0/89, E_000002b5f86b6ad0/90, E_000002b5f86b6ad0/91, E_000002b5f86b6ad0/92, E_000002b5f86b6ad0/93, E_000002b5f86b6ad0/94, E_000002b5f86b6ad0/95, E_000002b5f86b6ad0/96, E_000002b5f86b6ad0/97, E_000002b5f86b6ad0/98, E_000002b5f86b6ad0/99, E_000002b5f86b6ad0/100, E_000002b5f86b6ad0/101, E_000002b5f86b6ad0/102, E_000002b5f86b6ad0/103, E_000002b5f86b6ad0/104, E_000002b5f86b6ad0/105, E_000002b5f86b6ad0/106, E_000002b5f86b6ad0/107, E_000002b5f86b6ad0/108, E_000002b5f86b6ad0/109, E_000002b5f86b6ad0/110, E_000002b5f86b6ad0/111, E_000002b5f86b6ad0/112, E_000002b5f86b6ad0/113, E_000002b5f86b6ad0/114, E_000002b5f86b6ad0/115, E_000002b5f86b6ad0/116, E_000002b5f86b6ad0/117, E_000002b5f86b6ad0/118, E_000002b5f86b6ad0/119, E_000002b5f86b6ad0/120, E_000002b5f86b6ad0/121, E_000002b5f86b6ad0/122, E_000002b5f86b6ad0/123, E_000002b5f86b6ad0/124, E_000002b5f86b6ad0/125, E_000002b5f86b6ad0/126, E_000002b5f86b6ad0/127, E_000002b5f86b6ad0/128, E_000002b5f86b6ad0/129, E_000002b5f86b6ad0/130, E_000002b5f86b6ad0/131, E_000002b5f86b6ad0/132, E_000002b5f86b6ad0/133, E_000002b5f86b6ad0/134, E_000002b5f86b6ad0/135, E_000002b5f86b6ad0/136, E_000002b5f86b6ad0/137, E_000002b5f86b6ad0/138, E_000002b5f86b6ad0/139, E_000002b5f86b6ad0/140, E_000002b5f86b6ad0/141, E_000002b5f86b6ad0/142, E_000002b5f86b6ad0/143, E_000002b5f86b6ad0/144, E_000002b5f86b6ad0/145, E_000002b5f86b6ad0/146, E_000002b5f86b6ad0/147, E_000002b5f86b6ad0/148, E_000002b5f86b6ad0/149, E_000002b5f86b6ad0/150, E_000002b5f86b6ad0/151, E_000002b5f86b6ad0/152, E_000002b5f86b6ad0/153, E_000002b5f86b6ad0/154, E_000002b5f86b6ad0/155, E_000002b5f86b6ad0/156, E_000002b5f86b6ad0/157, E_000002b5f86b6ad0/158, E_000002b5f86b6ad0/159, E_000002b5f86b6ad0/160, E_000002b5f86b6ad0/161, E_000002b5f86b6ad0/162, E_000002b5f86b6ad0/163, E_000002b5f86b6ad0/164, E_000002b5f86b6ad0/165, E_000002b5f86b6ad0/166, E_000002b5f86b6ad0/167, E_000002b5f86b6ad0/168, E_000002b5f86b6ad0/169, E_000002b5f86b6ad0/170, E_000002b5f86b6ad0/171, E_000002b5f86b6ad0/172, E_000002b5f86b6ad0/173, E_000002b5f86b6ad0/174, E_000002b5f86b6ad0/175, E_000002b5f86b6ad0/176, E_000002b5f86b6ad0/177, E_000002b5f86b6ad0/178, E_000002b5f86b6ad0/179, E_000002b5f86b6ad0/180, E_000002b5f86b6ad0/181, E_000002b5f86b6ad0/182, E_000002b5f86b6ad0/183, E_000002b5f86b6ad0/184, E_000002b5f86b6ad0/185, E_000002b5f86b6ad0/186, E_000002b5f86b6ad0/187, E_000002b5f86b6ad0/188, E_000002b5f86b6ad0/189, E_000002b5f86b6ad0/190, E_000002b5f86b6ad0/191, E_000002b5f86b6ad0/192, E_000002b5f86b6ad0/193, E_000002b5f86b6ad0/194, E_000002b5f86b6ad0/195, E_000002b5f86b6ad0/196, E_000002b5f86b6ad0/197, E_000002b5f86b6ad0/198, E_000002b5f86b6ad0/199, E_000002b5f86b6ad0/200, E_000002b5f86b6ad0/201, E_000002b5f86b6ad0/202, E_000002b5f86b6ad0/203, E_000002b5f86b6ad0/204, E_000002b5f86b6ad0/205, E_000002b5f86b6ad0/206, E_000002b5f86b6ad0/207, E_000002b5f86b6ad0/208, E_000002b5f86b6ad0/209, E_000002b5f86b6ad0/210, E_000002b5f86b6ad0/211, E_000002b5f86b6ad0/212, E_000002b5f86b6ad0/213, E_000002b5f86b6ad0/214, E_000002b5f86b6ad0/215, E_000002b5f86b6ad0/216, E_000002b5f86b6ad0/217, E_000002b5f86b6ad0/218, E_000002b5f86b6ad0/219, E_000002b5f86b6ad0/220, E_000002b5f86b6ad0/221, E_000002b5f86b6ad0/222, E_000002b5f86b6ad0/223, E_000002b5f86b6ad0/224, E_000002b5f86b6ad0/225, E_000002b5f86b6ad0/226, E_000002b5f86b6ad0/227, E_000002b5f86b6ad0/228, E_000002b5f86b6ad0/229, E_000002b5f86b6ad0/230, E_000002b5f86b6ad0/231, E_000002b5f86b6ad0/232, E_000002b5f86b6ad0/233, E_000002b5f86b6ad0/234, E_000002b5f86b6ad0/235, E_000002b5f86b6ad0/236, E_000002b5f86b6ad0/237, E_000002b5f86b6ad0/238, E_000002b5f86b6ad0/239, E_000002b5f86b6ad0/240, E_000002b5f86b6ad0/241, E_000002b5f86b6ad0/242, E_000002b5f86b6ad0/243, E_000002b5f86b6ad0/244, E_000002b5f86b6ad0/245, E_000002b5f86b6ad0/246, E_000002b5f86b6ad0/247, E_000002b5f86b6ad0/248, E_000002b5f86b6ad0/249, E_000002b5f86b6ad0/250, E_000002b5f86b6ad0/251, E_000002b5f86b6ad0/252, E_000002b5f86b6ad0/253, E_000002b5f86b6ad0/254, E_000002b5f86b6ad0/255, E_000002b5f86b6ad0/256;
S_000002b5f86f2ad0 .scope module, "WB" "WB_stage" 7 262, 20 1 0, S_000002b5f85f5f40;
 .timescale 0 0;
    .port_info 0 /INPUT 32 "alu_result";
    .port_info 1 /INPUT 32 "mem_data";
    .port_info 2 /INPUT 1 "MemtoReg";
    .port_info 3 /OUTPUT 32 "write_data";
v000002b5f8710100_0 .net "MemtoReg", 0 0, v000002b5f8767c40_0;  alias, 1 drivers
v000002b5f870fb60_0 .net "alu_result", 31 0, v000002b5f8766d40_0;  alias, 1 drivers
v000002b5f870f700_0 .net "mem_data", 31 0, v000002b5f87707c0_0;  alias, 1 drivers
v000002b5f870f5c0_0 .net "write_data", 31 0, L_000002b5f8775c80;  alias, 1 drivers
L_000002b5f8775c80 .functor MUXZ 32, v000002b5f8766d40_0, v000002b5f87707c0_0, v000002b5f8767c40_0, C4<>;
S_000002b5f86f2940 .scope module, "ex_mem_reg" "EX_MEM" 7 205, 21 1 0, S_000002b5f85f5f40;
 .timescale 0 0;
    .port_info 0 /INPUT 1 "clk";
    .port_info 1 /INPUT 1 "reset";
    .port_info 2 /INPUT 32 "alu_result_in";
    .port_info 3 /INPUT 32 "reg2_in";
    .port_info 4 /INPUT 5 "rd_in";
    .port_info 5 /INPUT 1 "branch_in";
    .port_info 6 /INPUT 1 "branch_taken_in";
    .port_info 7 /INPUT 32 "branch_target_in";
    .port_info 8 /INPUT 1 "regWrite_in";
    .port_info 9 /INPUT 1 "memRead_in";
    .port_info 10 /INPUT 1 "memWrite_in";
    .port_info 11 /INPUT 1 "memToReg_in";
    .port_info 12 /OUTPUT 32 "alu_result_out";
    .port_info 13 /OUTPUT 32 "reg2_out";
    .port_info 14 /OUTPUT 5 "rd_out";
    .port_info 15 /OUTPUT 1 "branch_out";
    .port_info 16 /OUTPUT 1 "branch_taken_out";
    .port_info 17 /OUTPUT 32 "branch_target_out";
    .port_info 18 /OUTPUT 1 "regWrite_out";
    .port_info 19 /OUTPUT 1 "memRead_out";
    .port_info 20 /OUTPUT 1 "memWrite_out";
    .port_info 21 /OUTPUT 1 "memToReg_out";
v000002b5f870f980_0 .net "alu_result_in", 31 0, v000002b5f8756880_0;  alias, 1 drivers
v000002b5f8710240_0 .var "alu_result_out", 31 0;
v000002b5f870f020_0 .net "branch_in", 0 0, v000002b5f8766520_0;  alias, 1 drivers
v000002b5f870fd40_0 .var "branch_out", 0 0;
v000002b5f870f840_0 .net "branch_taken_in", 0 0, L_000002b5f86d5e60;  alias, 1 drivers
v000002b5f870fca0_0 .var "branch_taken_out", 0 0;
v000002b5f870f8e0_0 .net "branch_target_in", 31 0, L_000002b5f8775820;  alias, 1 drivers
v000002b5f870fa20_0 .var "branch_target_out", 31 0;
v000002b5f870fac0_0 .net "clk", 0 0, v000002b5f8772b90_0;  alias, 1 drivers
v000002b5f87102e0_0 .net "memRead_in", 0 0, v000002b5f87667a0_0;  alias, 1 drivers
v000002b5f870ee40_0 .var "memRead_out", 0 0;
v000002b5f870fde0_0 .net "memToReg_in", 0 0, v000002b5f8766de0_0;  alias, 1 drivers
v000002b5f870ebc0_0 .var "memToReg_out", 0 0;
v000002b5f870ed00_0 .net "memWrite_in", 0 0, v000002b5f8767060_0;  alias, 1 drivers
v000002b5f870e440_0 .var "memWrite_out", 0 0;
v000002b5f870e4e0_0 .net "rd_in", 4 0, v000002b5f8767100_0;  alias, 1 drivers
v000002b5f870e580_0 .var "rd_out", 4 0;
v000002b5f870e6c0_0 .net "reg2_in", 31 0, v000002b5f8766f20_0;  alias, 1 drivers
v000002b5f870e760_0 .var "reg2_out", 31 0;
v000002b5f870e800_0 .net "regWrite_in", 0 0, v000002b5f8767ec0_0;  alias, 1 drivers
v000002b5f870e8a0_0 .var "regWrite_out", 0 0;
v000002b5f870e940_0 .net "reset", 0 0, v000002b5f87731d0_0;  alias, 1 drivers
S_000002b5f86f2c60 .scope module, "id_ex_reg" "ID_EX" 7 160, 22 1 0, S_000002b5f85f5f40;
 .timescale 0 0;
    .port_info 0 /INPUT 1 "clk";
    .port_info 1 /INPUT 1 "reset";
    .port_info 2 /INPUT 1 "bubble";
    .port_info 3 /INPUT 1 "flush";
    .port_info 4 /INPUT 32 "pc_in";
    .port_info 5 /INPUT 32 "reg1_in";
    .port_info 6 /INPUT 32 "reg2_in";
    .port_info 7 /INPUT 32 "imm_in";
    .port_info 8 /INPUT 5 "rs1_in";
    .port_info 9 /INPUT 5 "rs2_in";
    .port_info 10 /INPUT 5 "rd_in";
    .port_info 11 /INPUT 3 "funct3_in";
    .port_info 12 /INPUT 7 "funct7_in";
    .port_info 13 /INPUT 1 "branch_in";
    .port_info 14 /INPUT 1 "regWrite_in";
    .port_info 15 /INPUT 1 "memRead_in";
    .port_info 16 /INPUT 1 "memWrite_in";
    .port_info 17 /INPUT 1 "memToReg_in";
    .port_info 18 /INPUT 2 "ALUop_in";
    .port_info 19 /INPUT 1 "ALUSrc_in";
    .port_info 20 /OUTPUT 32 "pc_out";
    .port_info 21 /OUTPUT 32 "reg1_out";
    .port_info 22 /OUTPUT 32 "reg2_out";
    .port_info 23 /OUTPUT 32 "imm_out";
    .port_info 24 /OUTPUT 5 "rs1_out";
    .port_info 25 /OUTPUT 5 "rs2_out";
    .port_info 26 /OUTPUT 5 "rd_out";
    .port_info 27 /OUTPUT 3 "funct3_out";
    .port_info 28 /OUTPUT 7 "funct7_out";
    .port_info 29 /OUTPUT 1 "branch_out";
    .port_info 30 /OUTPUT 1 "regWrite_out";
    .port_info 31 /OUTPUT 1 "memRead_out";
    .port_info 32 /OUTPUT 1 "memWrite_out";
    .port_info 33 /OUTPUT 1 "memToReg_out";
    .port_info 34 /OUTPUT 2 "ALUop_out";
    .port_info 35 /OUTPUT 1 "ALUSrc_out";
v000002b5f870e9e0_0 .net "ALUSrc_in", 0 0, v000002b5f8757e60_0;  alias, 1 drivers
v000002b5f870ea80_0 .var "ALUSrc_out", 0 0;
v000002b5f870eb20_0 .net "ALUop_in", 1 0, v000002b5f8756e20_0;  alias, 1 drivers
v000002b5f87676a0_0 .var "ALUop_out", 1 0;
v000002b5f8767420_0 .net "branch_in", 0 0, v000002b5f8758040_0;  alias, 1 drivers
v000002b5f8766520_0 .var "branch_out", 0 0;
L_000002b5f877a7c0 .functor BUFT 1, C4<0>, C4<0>, C4<0>, C4<0>;
v000002b5f87677e0_0 .net "bubble", 0 0, L_000002b5f877a7c0;  1 drivers
v000002b5f8766b60_0 .net "clk", 0 0, v000002b5f8772b90_0;  alias, 1 drivers
v000002b5f87683c0_0 .net "flush", 0 0, L_000002b5f86d5b50;  alias, 1 drivers
v000002b5f8767f60_0 .net "funct3_in", 2 0, L_000002b5f8774560;  alias, 1 drivers
v000002b5f8767b00_0 .var "funct3_out", 2 0;
v000002b5f87665c0_0 .net "funct7_in", 6 0, L_000002b5f8775aa0;  alias, 1 drivers
v000002b5f8767920_0 .var "funct7_out", 6 0;
v000002b5f8767d80_0 .net "imm_in", 31 0, v000002b5f8766fc0_0;  alias, 1 drivers
v000002b5f8767600_0 .var "imm_out", 31 0;
v000002b5f8766980_0 .net "memRead_in", 0 0, v000002b5f8757aa0_0;  alias, 1 drivers
v000002b5f87667a0_0 .var "memRead_out", 0 0;
v000002b5f8766e80_0 .net "memToReg_in", 0 0, v000002b5f8757460_0;  alias, 1 drivers
v000002b5f8766de0_0 .var "memToReg_out", 0 0;
v000002b5f8767380_0 .net "memWrite_in", 0 0, v000002b5f87564c0_0;  alias, 1 drivers
v000002b5f8767060_0 .var "memWrite_out", 0 0;
v000002b5f87680a0_0 .net "pc_in", 31 0, v000002b5f8766660_0;  alias, 1 drivers
v000002b5f8768000_0 .var "pc_out", 31 0;
v000002b5f8767e20_0 .net "rd_in", 4 0, L_000002b5f8774b00;  alias, 1 drivers
v000002b5f8767100_0 .var "rd_out", 4 0;
v000002b5f8767240_0 .net "reg1_in", 31 0, L_000002b5f86d5df0;  alias, 1 drivers
v000002b5f87674c0_0 .var "reg1_out", 31 0;
v000002b5f87671a0_0 .net "reg2_in", 31 0, L_000002b5f86d6020;  alias, 1 drivers
v000002b5f8766f20_0 .var "reg2_out", 31 0;
v000002b5f87679c0_0 .net "regWrite_in", 0 0, v000002b5f8756b00_0;  alias, 1 drivers
v000002b5f8767ec0_0 .var "regWrite_out", 0 0;
v000002b5f8767a60_0 .net "reset", 0 0, v000002b5f87731d0_0;  alias, 1 drivers
v000002b5f8766c00_0 .net "rs1_in", 4 0, L_000002b5f8774740;  alias, 1 drivers
v000002b5f8768140_0 .var "rs1_out", 4 0;
v000002b5f8767880_0 .net "rs2_in", 4 0, L_000002b5f8776360;  alias, 1 drivers
v000002b5f8766700_0 .var "rs2_out", 4 0;
S_000002b5f86f2f80 .scope module, "if_id_reg" "IF_ID" 7 105, 23 1 0, S_000002b5f85f5f40;
 .timescale 0 0;
    .port_info 0 /INPUT 1 "clk";
    .port_info 1 /INPUT 1 "reset";
    .port_info 2 /INPUT 1 "flush";
    .port_info 3 /INPUT 1 "write";
    .port_info 4 /INPUT 32 "instr_in";
    .port_info 5 /INPUT 32 "pc_in";
    .port_info 6 /OUTPUT 32 "instr_out";
    .port_info 7 /OUTPUT 32 "pc_out";
v000002b5f8767560_0 .net "clk", 0 0, v000002b5f8772b90_0;  alias, 1 drivers
v000002b5f8766a20_0 .net "flush", 0 0, L_000002b5f86d5b50;  alias, 1 drivers
v000002b5f8766840_0 .net "instr_in", 31 0, L_000002b5f86d64f0;  alias, 1 drivers
v000002b5f87668e0_0 .var "instr_out", 31 0;
v000002b5f87681e0_0 .net "pc_in", 31 0, L_000002b5f87753c0;  alias, 1 drivers
v000002b5f8766660_0 .var "pc_out", 31 0;
v000002b5f8766ac0_0 .net "reset", 0 0, v000002b5f87731d0_0;  alias, 1 drivers
L_000002b5f877a6e8 .functor BUFT 1, C4<1>, C4<0>, C4<0>, C4<0>;
v000002b5f8768280_0 .net "write", 0 0, L_000002b5f877a6e8;  1 drivers
S_000002b5f86f2df0 .scope module, "immgen_inst" "ImmGen" 7 139, 4 1 0, S_000002b5f85f5f40;
 .timescale 0 0;
    .port_info 0 /INPUT 7 "opcode";
    .port_info 1 /INPUT 32 "instruction";
    .port_info 2 /OUTPUT 32 "ImmExt";
v000002b5f8766fc0_0 .var "ImmExt", 31 0;
v000002b5f8766ca0_0 .net "instruction", 31 0, v000002b5f87668e0_0;  alias, 1 drivers
v000002b5f8767ba0_0 .net "opcode", 6 0, L_000002b5f87751e0;  1 drivers
E_000002b5f86b6710 .event anyedge, v000002b5f8767ba0_0, v000002b5f87668e0_0;
S_000002b5f86f35c0 .scope module, "mem_wb_reg" "MEM_WB" 7 245, 24 1 0, S_000002b5f85f5f40;
 .timescale 0 0;
    .port_info 0 /INPUT 1 "clk";
    .port_info 1 /INPUT 1 "reset";
    .port_info 2 /INPUT 32 "mem_data_in";
    .port_info 3 /INPUT 32 "alu_result_in";
    .port_info 4 /INPUT 5 "rd_in";
    .port_info 5 /INPUT 1 "regWrite_in";
    .port_info 6 /INPUT 1 "memToReg_in";
    .port_info 7 /OUTPUT 32 "mem_data_out";
    .port_info 8 /OUTPUT 32 "alu_result_out";
    .port_info 9 /OUTPUT 5 "rd_out";
    .port_info 10 /OUTPUT 1 "regWrite_out";
    .port_info 11 /OUTPUT 1 "memToReg_out";
v000002b5f8768320_0 .net "alu_result_in", 31 0, v000002b5f8710240_0;  alias, 1 drivers
v000002b5f8766d40_0 .var "alu_result_out", 31 0;
v000002b5f87672e0_0 .net "clk", 0 0, v000002b5f8772b90_0;  alias, 1 drivers
v000002b5f8767740_0 .net "memToReg_in", 0 0, v000002b5f870ebc0_0;  alias, 1 drivers
v000002b5f8767c40_0 .var "memToReg_out", 0 0;
v000002b5f8767ce0_0 .net "mem_data_in", 31 0, v000002b5f870eda0_0;  alias, 1 drivers
v000002b5f87707c0_0 .var "mem_data_out", 31 0;
v000002b5f8770a40_0 .net "rd_in", 4 0, v000002b5f870e580_0;  alias, 1 drivers
v000002b5f87716c0_0 .var "rd_out", 4 0;
v000002b5f8771f80_0 .net "regWrite_in", 0 0, v000002b5f870e8a0_0;  alias, 1 drivers
v000002b5f8770860_0 .var "regWrite_out", 0 0;
v000002b5f8770ea0_0 .net "reset", 0 0, v000002b5f87731d0_0;  alias, 1 drivers
S_000002b5f86f3750 .scope module, "predictor" "BranchPredictor" 7 80, 25 1 0, S_000002b5f85f5f40;
 .timescale 0 0;
    .port_info 0 /INPUT 1 "clk";
    .port_info 1 /INPUT 1 "reset";
    .port_info 2 /INPUT 32 "PC";
    .port_info 3 /INPUT 1 "actual_branch";
    .port_info 4 /INPUT 1 "update";
    .port_info 5 /OUTPUT 1 "predicted_taken";
v000002b5f8771300_0 .net "PC", 31 0, v000002b5f870e2d0_0;  alias, 1 drivers
v000002b5f8771120_0 .net "actual_branch", 0 0, L_000002b5f86d6330;  alias, 1 drivers
v000002b5f8770720 .array "btb", 255 0, 1 0;
v000002b5f8770b80_0 .net "clk", 0 0, v000002b5f8772b90_0;  alias, 1 drivers
v000002b5f87705e0_0 .net "index", 7 0, L_000002b5f8775460;  1 drivers
v000002b5f8771ee0_0 .var/i "j", 31 0;
v000002b5f8771c60_0 .var "predicted_taken", 0 0;
v000002b5f8771bc0_0 .net "reset", 0 0, v000002b5f87731d0_0;  alias, 1 drivers
v000002b5f8770fe0_0 .net "update", 0 0, L_000002b5f877a5c8;  alias, 1 drivers
v000002b5f8770720_0 .array/port v000002b5f8770720, 0;
v000002b5f8770720_1 .array/port v000002b5f8770720, 1;
v000002b5f8770720_2 .array/port v000002b5f8770720, 2;
E_000002b5f86b6690/0 .event anyedge, v000002b5f87705e0_0, v000002b5f8770720_0, v000002b5f8770720_1, v000002b5f8770720_2;
v000002b5f8770720_3 .array/port v000002b5f8770720, 3;
v000002b5f8770720_4 .array/port v000002b5f8770720, 4;
v000002b5f8770720_5 .array/port v000002b5f8770720, 5;
v000002b5f8770720_6 .array/port v000002b5f8770720, 6;
E_000002b5f86b6690/1 .event anyedge, v000002b5f8770720_3, v000002b5f8770720_4, v000002b5f8770720_5, v000002b5f8770720_6;
v000002b5f8770720_7 .array/port v000002b5f8770720, 7;
v000002b5f8770720_8 .array/port v000002b5f8770720, 8;
v000002b5f8770720_9 .array/port v000002b5f8770720, 9;
v000002b5f8770720_10 .array/port v000002b5f8770720, 10;
E_000002b5f86b6690/2 .event anyedge, v000002b5f8770720_7, v000002b5f8770720_8, v000002b5f8770720_9, v000002b5f8770720_10;
v000002b5f8770720_11 .array/port v000002b5f8770720, 11;
v000002b5f8770720_12 .array/port v000002b5f8770720, 12;
v000002b5f8770720_13 .array/port v000002b5f8770720, 13;
v000002b5f8770720_14 .array/port v000002b5f8770720, 14;
E_000002b5f86b6690/3 .event anyedge, v000002b5f8770720_11, v000002b5f8770720_12, v000002b5f8770720_13, v000002b5f8770720_14;
v000002b5f8770720_15 .array/port v000002b5f8770720, 15;
v000002b5f8770720_16 .array/port v000002b5f8770720, 16;
v000002b5f8770720_17 .array/port v000002b5f8770720, 17;
v000002b5f8770720_18 .array/port v000002b5f8770720, 18;
E_000002b5f86b6690/4 .event anyedge, v000002b5f8770720_15, v000002b5f8770720_16, v000002b5f8770720_17, v000002b5f8770720_18;
v000002b5f8770720_19 .array/port v000002b5f8770720, 19;
v000002b5f8770720_20 .array/port v000002b5f8770720, 20;
v000002b5f8770720_21 .array/port v000002b5f8770720, 21;
v000002b5f8770720_22 .array/port v000002b5f8770720, 22;
E_000002b5f86b6690/5 .event anyedge, v000002b5f8770720_19, v000002b5f8770720_20, v000002b5f8770720_21, v000002b5f8770720_22;
v000002b5f8770720_23 .array/port v000002b5f8770720, 23;
v000002b5f8770720_24 .array/port v000002b5f8770720, 24;
v000002b5f8770720_25 .array/port v000002b5f8770720, 25;
v000002b5f8770720_26 .array/port v000002b5f8770720, 26;
E_000002b5f86b6690/6 .event anyedge, v000002b5f8770720_23, v000002b5f8770720_24, v000002b5f8770720_25, v000002b5f8770720_26;
v000002b5f8770720_27 .array/port v000002b5f8770720, 27;
v000002b5f8770720_28 .array/port v000002b5f8770720, 28;
v000002b5f8770720_29 .array/port v000002b5f8770720, 29;
v000002b5f8770720_30 .array/port v000002b5f8770720, 30;
E_000002b5f86b6690/7 .event anyedge, v000002b5f8770720_27, v000002b5f8770720_28, v000002b5f8770720_29, v000002b5f8770720_30;
v000002b5f8770720_31 .array/port v000002b5f8770720, 31;
v000002b5f8770720_32 .array/port v000002b5f8770720, 32;
v000002b5f8770720_33 .array/port v000002b5f8770720, 33;
v000002b5f8770720_34 .array/port v000002b5f8770720, 34;
E_000002b5f86b6690/8 .event anyedge, v000002b5f8770720_31, v000002b5f8770720_32, v000002b5f8770720_33, v000002b5f8770720_34;
v000002b5f8770720_35 .array/port v000002b5f8770720, 35;
v000002b5f8770720_36 .array/port v000002b5f8770720, 36;
v000002b5f8770720_37 .array/port v000002b5f8770720, 37;
v000002b5f8770720_38 .array/port v000002b5f8770720, 38;
E_000002b5f86b6690/9 .event anyedge, v000002b5f8770720_35, v000002b5f8770720_36, v000002b5f8770720_37, v000002b5f8770720_38;
v000002b5f8770720_39 .array/port v000002b5f8770720, 39;
v000002b5f8770720_40 .array/port v000002b5f8770720, 40;
v000002b5f8770720_41 .array/port v000002b5f8770720, 41;
v000002b5f8770720_42 .array/port v000002b5f8770720, 42;
E_000002b5f86b6690/10 .event anyedge, v000002b5f8770720_39, v000002b5f8770720_40, v000002b5f8770720_41, v000002b5f8770720_42;
v000002b5f8770720_43 .array/port v000002b5f8770720, 43;
v000002b5f8770720_44 .array/port v000002b5f8770720, 44;
v000002b5f8770720_45 .array/port v000002b5f8770720, 45;
v000002b5f8770720_46 .array/port v000002b5f8770720, 46;
E_000002b5f86b6690/11 .event anyedge, v000002b5f8770720_43, v000002b5f8770720_44, v000002b5f8770720_45, v000002b5f8770720_46;
v000002b5f8770720_47 .array/port v000002b5f8770720, 47;
v000002b5f8770720_48 .array/port v000002b5f8770720, 48;
v000002b5f8770720_49 .array/port v000002b5f8770720, 49;
v000002b5f8770720_50 .array/port v000002b5f8770720, 50;
E_000002b5f86b6690/12 .event anyedge, v000002b5f8770720_47, v000002b5f8770720_48, v000002b5f8770720_49, v000002b5f8770720_50;
v000002b5f8770720_51 .array/port v000002b5f8770720, 51;
v000002b5f8770720_52 .array/port v000002b5f8770720, 52;
v000002b5f8770720_53 .array/port v000002b5f8770720, 53;
v000002b5f8770720_54 .array/port v000002b5f8770720, 54;
E_000002b5f86b6690/13 .event anyedge, v000002b5f8770720_51, v000002b5f8770720_52, v000002b5f8770720_53, v000002b5f8770720_54;
v000002b5f8770720_55 .array/port v000002b5f8770720, 55;
v000002b5f8770720_56 .array/port v000002b5f8770720, 56;
v000002b5f8770720_57 .array/port v000002b5f8770720, 57;
v000002b5f8770720_58 .array/port v000002b5f8770720, 58;
E_000002b5f86b6690/14 .event anyedge, v000002b5f8770720_55, v000002b5f8770720_56, v000002b5f8770720_57, v000002b5f8770720_58;
v000002b5f8770720_59 .array/port v000002b5f8770720, 59;
v000002b5f8770720_60 .array/port v000002b5f8770720, 60;
v000002b5f8770720_61 .array/port v000002b5f8770720, 61;
v000002b5f8770720_62 .array/port v000002b5f8770720, 62;
E_000002b5f86b6690/15 .event anyedge, v000002b5f8770720_59, v000002b5f8770720_60, v000002b5f8770720_61, v000002b5f8770720_62;
v000002b5f8770720_63 .array/port v000002b5f8770720, 63;
v000002b5f8770720_64 .array/port v000002b5f8770720, 64;
v000002b5f8770720_65 .array/port v000002b5f8770720, 65;
v000002b5f8770720_66 .array/port v000002b5f8770720, 66;
E_000002b5f86b6690/16 .event anyedge, v000002b5f8770720_63, v000002b5f8770720_64, v000002b5f8770720_65, v000002b5f8770720_66;
v000002b5f8770720_67 .array/port v000002b5f8770720, 67;
v000002b5f8770720_68 .array/port v000002b5f8770720, 68;
v000002b5f8770720_69 .array/port v000002b5f8770720, 69;
v000002b5f8770720_70 .array/port v000002b5f8770720, 70;
E_000002b5f86b6690/17 .event anyedge, v000002b5f8770720_67, v000002b5f8770720_68, v000002b5f8770720_69, v000002b5f8770720_70;
v000002b5f8770720_71 .array/port v000002b5f8770720, 71;
v000002b5f8770720_72 .array/port v000002b5f8770720, 72;
v000002b5f8770720_73 .array/port v000002b5f8770720, 73;
v000002b5f8770720_74 .array/port v000002b5f8770720, 74;
E_000002b5f86b6690/18 .event anyedge, v000002b5f8770720_71, v000002b5f8770720_72, v000002b5f8770720_73, v000002b5f8770720_74;
v000002b5f8770720_75 .array/port v000002b5f8770720, 75;
v000002b5f8770720_76 .array/port v000002b5f8770720, 76;
v000002b5f8770720_77 .array/port v000002b5f8770720, 77;
v000002b5f8770720_78 .array/port v000002b5f8770720, 78;
E_000002b5f86b6690/19 .event anyedge, v000002b5f8770720_75, v000002b5f8770720_76, v000002b5f8770720_77, v000002b5f8770720_78;
v000002b5f8770720_79 .array/port v000002b5f8770720, 79;
v000002b5f8770720_80 .array/port v000002b5f8770720, 80;
v000002b5f8770720_81 .array/port v000002b5f8770720, 81;
v000002b5f8770720_82 .array/port v000002b5f8770720, 82;
E_000002b5f86b6690/20 .event anyedge, v000002b5f8770720_79, v000002b5f8770720_80, v000002b5f8770720_81, v000002b5f8770720_82;
v000002b5f8770720_83 .array/port v000002b5f8770720, 83;
v000002b5f8770720_84 .array/port v000002b5f8770720, 84;
v000002b5f8770720_85 .array/port v000002b5f8770720, 85;
v000002b5f8770720_86 .array/port v000002b5f8770720, 86;
E_000002b5f86b6690/21 .event anyedge, v000002b5f8770720_83, v000002b5f8770720_84, v000002b5f8770720_85, v000002b5f8770720_86;
v000002b5f8770720_87 .array/port v000002b5f8770720, 87;
v000002b5f8770720_88 .array/port v000002b5f8770720, 88;
v000002b5f8770720_89 .array/port v000002b5f8770720, 89;
v000002b5f8770720_90 .array/port v000002b5f8770720, 90;
E_000002b5f86b6690/22 .event anyedge, v000002b5f8770720_87, v000002b5f8770720_88, v000002b5f8770720_89, v000002b5f8770720_90;
v000002b5f8770720_91 .array/port v000002b5f8770720, 91;
v000002b5f8770720_92 .array/port v000002b5f8770720, 92;
v000002b5f8770720_93 .array/port v000002b5f8770720, 93;
v000002b5f8770720_94 .array/port v000002b5f8770720, 94;
E_000002b5f86b6690/23 .event anyedge, v000002b5f8770720_91, v000002b5f8770720_92, v000002b5f8770720_93, v000002b5f8770720_94;
v000002b5f8770720_95 .array/port v000002b5f8770720, 95;
v000002b5f8770720_96 .array/port v000002b5f8770720, 96;
v000002b5f8770720_97 .array/port v000002b5f8770720, 97;
v000002b5f8770720_98 .array/port v000002b5f8770720, 98;
E_000002b5f86b6690/24 .event anyedge, v000002b5f8770720_95, v000002b5f8770720_96, v000002b5f8770720_97, v000002b5f8770720_98;
v000002b5f8770720_99 .array/port v000002b5f8770720, 99;
v000002b5f8770720_100 .array/port v000002b5f8770720, 100;
v000002b5f8770720_101 .array/port v000002b5f8770720, 101;
v000002b5f8770720_102 .array/port v000002b5f8770720, 102;
E_000002b5f86b6690/25 .event anyedge, v000002b5f8770720_99, v000002b5f8770720_100, v000002b5f8770720_101, v000002b5f8770720_102;
v000002b5f8770720_103 .array/port v000002b5f8770720, 103;
v000002b5f8770720_104 .array/port v000002b5f8770720, 104;
v000002b5f8770720_105 .array/port v000002b5f8770720, 105;
v000002b5f8770720_106 .array/port v000002b5f8770720, 106;
E_000002b5f86b6690/26 .event anyedge, v000002b5f8770720_103, v000002b5f8770720_104, v000002b5f8770720_105, v000002b5f8770720_106;
v000002b5f8770720_107 .array/port v000002b5f8770720, 107;
v000002b5f8770720_108 .array/port v000002b5f8770720, 108;
v000002b5f8770720_109 .array/port v000002b5f8770720, 109;
v000002b5f8770720_110 .array/port v000002b5f8770720, 110;
E_000002b5f86b6690/27 .event anyedge, v000002b5f8770720_107, v000002b5f8770720_108, v000002b5f8770720_109, v000002b5f8770720_110;
v000002b5f8770720_111 .array/port v000002b5f8770720, 111;
v000002b5f8770720_112 .array/port v000002b5f8770720, 112;
v000002b5f8770720_113 .array/port v000002b5f8770720, 113;
v000002b5f8770720_114 .array/port v000002b5f8770720, 114;
E_000002b5f86b6690/28 .event anyedge, v000002b5f8770720_111, v000002b5f8770720_112, v000002b5f8770720_113, v000002b5f8770720_114;
v000002b5f8770720_115 .array/port v000002b5f8770720, 115;
v000002b5f8770720_116 .array/port v000002b5f8770720, 116;
v000002b5f8770720_117 .array/port v000002b5f8770720, 117;
v000002b5f8770720_118 .array/port v000002b5f8770720, 118;
E_000002b5f86b6690/29 .event anyedge, v000002b5f8770720_115, v000002b5f8770720_116, v000002b5f8770720_117, v000002b5f8770720_118;
v000002b5f8770720_119 .array/port v000002b5f8770720, 119;
v000002b5f8770720_120 .array/port v000002b5f8770720, 120;
v000002b5f8770720_121 .array/port v000002b5f8770720, 121;
v000002b5f8770720_122 .array/port v000002b5f8770720, 122;
E_000002b5f86b6690/30 .event anyedge, v000002b5f8770720_119, v000002b5f8770720_120, v000002b5f8770720_121, v000002b5f8770720_122;
v000002b5f8770720_123 .array/port v000002b5f8770720, 123;
v000002b5f8770720_124 .array/port v000002b5f8770720, 124;
v000002b5f8770720_125 .array/port v000002b5f8770720, 125;
v000002b5f8770720_126 .array/port v000002b5f8770720, 126;
E_000002b5f86b6690/31 .event anyedge, v000002b5f8770720_123, v000002b5f8770720_124, v000002b5f8770720_125, v000002b5f8770720_126;
v000002b5f8770720_127 .array/port v000002b5f8770720, 127;
v000002b5f8770720_128 .array/port v000002b5f8770720, 128;
v000002b5f8770720_129 .array/port v000002b5f8770720, 129;
v000002b5f8770720_130 .array/port v000002b5f8770720, 130;
E_000002b5f86b6690/32 .event anyedge, v000002b5f8770720_127, v000002b5f8770720_128, v000002b5f8770720_129, v000002b5f8770720_130;
v000002b5f8770720_131 .array/port v000002b5f8770720, 131;
v000002b5f8770720_132 .array/port v000002b5f8770720, 132;
v000002b5f8770720_133 .array/port v000002b5f8770720, 133;
v000002b5f8770720_134 .array/port v000002b5f8770720, 134;
E_000002b5f86b6690/33 .event anyedge, v000002b5f8770720_131, v000002b5f8770720_132, v000002b5f8770720_133, v000002b5f8770720_134;
v000002b5f8770720_135 .array/port v000002b5f8770720, 135;
v000002b5f8770720_136 .array/port v000002b5f8770720, 136;
v000002b5f8770720_137 .array/port v000002b5f8770720, 137;
v000002b5f8770720_138 .array/port v000002b5f8770720, 138;
E_000002b5f86b6690/34 .event anyedge, v000002b5f8770720_135, v000002b5f8770720_136, v000002b5f8770720_137, v000002b5f8770720_138;
v000002b5f8770720_139 .array/port v000002b5f8770720, 139;
v000002b5f8770720_140 .array/port v000002b5f8770720, 140;
v000002b5f8770720_141 .array/port v000002b5f8770720, 141;
v000002b5f8770720_142 .array/port v000002b5f8770720, 142;
E_000002b5f86b6690/35 .event anyedge, v000002b5f8770720_139, v000002b5f8770720_140, v000002b5f8770720_141, v000002b5f8770720_142;
v000002b5f8770720_143 .array/port v000002b5f8770720, 143;
v000002b5f8770720_144 .array/port v000002b5f8770720, 144;
v000002b5f8770720_145 .array/port v000002b5f8770720, 145;
v000002b5f8770720_146 .array/port v000002b5f8770720, 146;
E_000002b5f86b6690/36 .event anyedge, v000002b5f8770720_143, v000002b5f8770720_144, v000002b5f8770720_145, v000002b5f8770720_146;
v000002b5f8770720_147 .array/port v000002b5f8770720, 147;
v000002b5f8770720_148 .array/port v000002b5f8770720, 148;
v000002b5f8770720_149 .array/port v000002b5f8770720, 149;
v000002b5f8770720_150 .array/port v000002b5f8770720, 150;
E_000002b5f86b6690/37 .event anyedge, v000002b5f8770720_147, v000002b5f8770720_148, v000002b5f8770720_149, v000002b5f8770720_150;
v000002b5f8770720_151 .array/port v000002b5f8770720, 151;
v000002b5f8770720_152 .array/port v000002b5f8770720, 152;
v000002b5f8770720_153 .array/port v000002b5f8770720, 153;
v000002b5f8770720_154 .array/port v000002b5f8770720, 154;
E_000002b5f86b6690/38 .event anyedge, v000002b5f8770720_151, v000002b5f8770720_152, v000002b5f8770720_153, v000002b5f8770720_154;
v000002b5f8770720_155 .array/port v000002b5f8770720, 155;
v000002b5f8770720_156 .array/port v000002b5f8770720, 156;
v000002b5f8770720_157 .array/port v000002b5f8770720, 157;
v000002b5f8770720_158 .array/port v000002b5f8770720, 158;
E_000002b5f86b6690/39 .event anyedge, v000002b5f8770720_155, v000002b5f8770720_156, v000002b5f8770720_157, v000002b5f8770720_158;
v000002b5f8770720_159 .array/port v000002b5f8770720, 159;
v000002b5f8770720_160 .array/port v000002b5f8770720, 160;
v000002b5f8770720_161 .array/port v000002b5f8770720, 161;
v000002b5f8770720_162 .array/port v000002b5f8770720, 162;
E_000002b5f86b6690/40 .event anyedge, v000002b5f8770720_159, v000002b5f8770720_160, v000002b5f8770720_161, v000002b5f8770720_162;
v000002b5f8770720_163 .array/port v000002b5f8770720, 163;
v000002b5f8770720_164 .array/port v000002b5f8770720, 164;
v000002b5f8770720_165 .array/port v000002b5f8770720, 165;
v000002b5f8770720_166 .array/port v000002b5f8770720, 166;
E_000002b5f86b6690/41 .event anyedge, v000002b5f8770720_163, v000002b5f8770720_164, v000002b5f8770720_165, v000002b5f8770720_166;
v000002b5f8770720_167 .array/port v000002b5f8770720, 167;
v000002b5f8770720_168 .array/port v000002b5f8770720, 168;
v000002b5f8770720_169 .array/port v000002b5f8770720, 169;
v000002b5f8770720_170 .array/port v000002b5f8770720, 170;
E_000002b5f86b6690/42 .event anyedge, v000002b5f8770720_167, v000002b5f8770720_168, v000002b5f8770720_169, v000002b5f8770720_170;
v000002b5f8770720_171 .array/port v000002b5f8770720, 171;
v000002b5f8770720_172 .array/port v000002b5f8770720, 172;
v000002b5f8770720_173 .array/port v000002b5f8770720, 173;
v000002b5f8770720_174 .array/port v000002b5f8770720, 174;
E_000002b5f86b6690/43 .event anyedge, v000002b5f8770720_171, v000002b5f8770720_172, v000002b5f8770720_173, v000002b5f8770720_174;
v000002b5f8770720_175 .array/port v000002b5f8770720, 175;
v000002b5f8770720_176 .array/port v000002b5f8770720, 176;
v000002b5f8770720_177 .array/port v000002b5f8770720, 177;
v000002b5f8770720_178 .array/port v000002b5f8770720, 178;
E_000002b5f86b6690/44 .event anyedge, v000002b5f8770720_175, v000002b5f8770720_176, v000002b5f8770720_177, v000002b5f8770720_178;
v000002b5f8770720_179 .array/port v000002b5f8770720, 179;
v000002b5f8770720_180 .array/port v000002b5f8770720, 180;
v000002b5f8770720_181 .array/port v000002b5f8770720, 181;
v000002b5f8770720_182 .array/port v000002b5f8770720, 182;
E_000002b5f86b6690/45 .event anyedge, v000002b5f8770720_179, v000002b5f8770720_180, v000002b5f8770720_181, v000002b5f8770720_182;
v000002b5f8770720_183 .array/port v000002b5f8770720, 183;
v000002b5f8770720_184 .array/port v000002b5f8770720, 184;
v000002b5f8770720_185 .array/port v000002b5f8770720, 185;
v000002b5f8770720_186 .array/port v000002b5f8770720, 186;
E_000002b5f86b6690/46 .event anyedge, v000002b5f8770720_183, v000002b5f8770720_184, v000002b5f8770720_185, v000002b5f8770720_186;
v000002b5f8770720_187 .array/port v000002b5f8770720, 187;
v000002b5f8770720_188 .array/port v000002b5f8770720, 188;
v000002b5f8770720_189 .array/port v000002b5f8770720, 189;
v000002b5f8770720_190 .array/port v000002b5f8770720, 190;
E_000002b5f86b6690/47 .event anyedge, v000002b5f8770720_187, v000002b5f8770720_188, v000002b5f8770720_189, v000002b5f8770720_190;
v000002b5f8770720_191 .array/port v000002b5f8770720, 191;
v000002b5f8770720_192 .array/port v000002b5f8770720, 192;
v000002b5f8770720_193 .array/port v000002b5f8770720, 193;
v000002b5f8770720_194 .array/port v000002b5f8770720, 194;
E_000002b5f86b6690/48 .event anyedge, v000002b5f8770720_191, v000002b5f8770720_192, v000002b5f8770720_193, v000002b5f8770720_194;
v000002b5f8770720_195 .array/port v000002b5f8770720, 195;
v000002b5f8770720_196 .array/port v000002b5f8770720, 196;
v000002b5f8770720_197 .array/port v000002b5f8770720, 197;
v000002b5f8770720_198 .array/port v000002b5f8770720, 198;
E_000002b5f86b6690/49 .event anyedge, v000002b5f8770720_195, v000002b5f8770720_196, v000002b5f8770720_197, v000002b5f8770720_198;
v000002b5f8770720_199 .array/port v000002b5f8770720, 199;
v000002b5f8770720_200 .array/port v000002b5f8770720, 200;
v000002b5f8770720_201 .array/port v000002b5f8770720, 201;
v000002b5f8770720_202 .array/port v000002b5f8770720, 202;
E_000002b5f86b6690/50 .event anyedge, v000002b5f8770720_199, v000002b5f8770720_200, v000002b5f8770720_201, v000002b5f8770720_202;
v000002b5f8770720_203 .array/port v000002b5f8770720, 203;
v000002b5f8770720_204 .array/port v000002b5f8770720, 204;
v000002b5f8770720_205 .array/port v000002b5f8770720, 205;
v000002b5f8770720_206 .array/port v000002b5f8770720, 206;
E_000002b5f86b6690/51 .event anyedge, v000002b5f8770720_203, v000002b5f8770720_204, v000002b5f8770720_205, v000002b5f8770720_206;
v000002b5f8770720_207 .array/port v000002b5f8770720, 207;
v000002b5f8770720_208 .array/port v000002b5f8770720, 208;
v000002b5f8770720_209 .array/port v000002b5f8770720, 209;
v000002b5f8770720_210 .array/port v000002b5f8770720, 210;
E_000002b5f86b6690/52 .event anyedge, v000002b5f8770720_207, v000002b5f8770720_208, v000002b5f8770720_209, v000002b5f8770720_210;
v000002b5f8770720_211 .array/port v000002b5f8770720, 211;
v000002b5f8770720_212 .array/port v000002b5f8770720, 212;
v000002b5f8770720_213 .array/port v000002b5f8770720, 213;
v000002b5f8770720_214 .array/port v000002b5f8770720, 214;
E_000002b5f86b6690/53 .event anyedge, v000002b5f8770720_211, v000002b5f8770720_212, v000002b5f8770720_213, v000002b5f8770720_214;
v000002b5f8770720_215 .array/port v000002b5f8770720, 215;
v000002b5f8770720_216 .array/port v000002b5f8770720, 216;
v000002b5f8770720_217 .array/port v000002b5f8770720, 217;
v000002b5f8770720_218 .array/port v000002b5f8770720, 218;
E_000002b5f86b6690/54 .event anyedge, v000002b5f8770720_215, v000002b5f8770720_216, v000002b5f8770720_217, v000002b5f8770720_218;
v000002b5f8770720_219 .array/port v000002b5f8770720, 219;
v000002b5f8770720_220 .array/port v000002b5f8770720, 220;
v000002b5f8770720_221 .array/port v000002b5f8770720, 221;
v000002b5f8770720_222 .array/port v000002b5f8770720, 222;
E_000002b5f86b6690/55 .event anyedge, v000002b5f8770720_219, v000002b5f8770720_220, v000002b5f8770720_221, v000002b5f8770720_222;
v000002b5f8770720_223 .array/port v000002b5f8770720, 223;
v000002b5f8770720_224 .array/port v000002b5f8770720, 224;
v000002b5f8770720_225 .array/port v000002b5f8770720, 225;
v000002b5f8770720_226 .array/port v000002b5f8770720, 226;
E_000002b5f86b6690/56 .event anyedge, v000002b5f8770720_223, v000002b5f8770720_224, v000002b5f8770720_225, v000002b5f8770720_226;
v000002b5f8770720_227 .array/port v000002b5f8770720, 227;
v000002b5f8770720_228 .array/port v000002b5f8770720, 228;
v000002b5f8770720_229 .array/port v000002b5f8770720, 229;
v000002b5f8770720_230 .array/port v000002b5f8770720, 230;
E_000002b5f86b6690/57 .event anyedge, v000002b5f8770720_227, v000002b5f8770720_228, v000002b5f8770720_229, v000002b5f8770720_230;
v000002b5f8770720_231 .array/port v000002b5f8770720, 231;
v000002b5f8770720_232 .array/port v000002b5f8770720, 232;
v000002b5f8770720_233 .array/port v000002b5f8770720, 233;
v000002b5f8770720_234 .array/port v000002b5f8770720, 234;
E_000002b5f86b6690/58 .event anyedge, v000002b5f8770720_231, v000002b5f8770720_232, v000002b5f8770720_233, v000002b5f8770720_234;
v000002b5f8770720_235 .array/port v000002b5f8770720, 235;
v000002b5f8770720_236 .array/port v000002b5f8770720, 236;
v000002b5f8770720_237 .array/port v000002b5f8770720, 237;
v000002b5f8770720_238 .array/port v000002b5f8770720, 238;
E_000002b5f86b6690/59 .event anyedge, v000002b5f8770720_235, v000002b5f8770720_236, v000002b5f8770720_237, v000002b5f8770720_238;
v000002b5f8770720_239 .array/port v000002b5f8770720, 239;
v000002b5f8770720_240 .array/port v000002b5f8770720, 240;
v000002b5f8770720_241 .array/port v000002b5f8770720, 241;
v000002b5f8770720_242 .array/port v000002b5f8770720, 242;
E_000002b5f86b6690/60 .event anyedge, v000002b5f8770720_239, v000002b5f8770720_240, v000002b5f8770720_241, v000002b5f8770720_242;
v000002b5f8770720_243 .array/port v000002b5f8770720, 243;
v000002b5f8770720_244 .array/port v000002b5f8770720, 244;
v000002b5f8770720_245 .array/port v000002b5f8770720, 245;
v000002b5f8770720_246 .array/port v000002b5f8770720, 246;
E_000002b5f86b6690/61 .event anyedge, v000002b5f8770720_243, v000002b5f8770720_244, v000002b5f8770720_245, v000002b5f8770720_246;
v000002b5f8770720_247 .array/port v000002b5f8770720, 247;
v000002b5f8770720_248 .array/port v000002b5f8770720, 248;
v000002b5f8770720_249 .array/port v000002b5f8770720, 249;
v000002b5f8770720_250 .array/port v000002b5f8770720, 250;
E_000002b5f86b6690/62 .event anyedge, v000002b5f8770720_247, v000002b5f8770720_248, v000002b5f8770720_249, v000002b5f8770720_250;
v000002b5f8770720_251 .array/port v000002b5f8770720, 251;
v000002b5f8770720_252 .array/port v000002b5f8770720, 252;
v000002b5f8770720_253 .array/port v000002b5f8770720, 253;
v000002b5f8770720_254 .array/port v000002b5f8770720, 254;
E_000002b5f86b6690/63 .event anyedge, v000002b5f8770720_251, v000002b5f8770720_252, v000002b5f8770720_253, v000002b5f8770720_254;
v000002b5f8770720_255 .array/port v000002b5f8770720, 255;
E_000002b5f86b6690/64 .event anyedge, v000002b5f8770720_255;
E_000002b5f86b6690 .event/or E_000002b5f86b6690/0, E_000002b5f86b6690/1, E_000002b5f86b6690/2, E_000002b5f86b6690/3, E_000002b5f86b6690/4, E_000002b5f86b6690/5, E_000002b5f86b6690/6, E_000002b5f86b6690/7, E_000002b5f86b6690/8, E_000002b5f86b6690/9, E_000002b5f86b6690/10, E_000002b5f86b6690/11, E_000002b5f86b6690/12, E_000002b5f86b6690/13, E_000002b5f86b6690/14, E_000002b5f86b6690/15, E_000002b5f86b6690/16, E_000002b5f86b6690/17, E_000002b5f86b6690/18, E_000002b5f86b6690/19, E_000002b5f86b6690/20, E_000002b5f86b6690/21, E_000002b5f86b6690/22, E_000002b5f86b6690/23, E_000002b5f86b6690/24, E_000002b5f86b6690/25, E_000002b5f86b6690/26, E_000002b5f86b6690/27, E_000002b5f86b6690/28, E_000002b5f86b6690/29, E_000002b5f86b6690/30, E_000002b5f86b6690/31, E_000002b5f86b6690/32, E_000002b5f86b6690/33, E_000002b5f86b6690/34, E_000002b5f86b6690/35, E_000002b5f86b6690/36, E_000002b5f86b6690/37, E_000002b5f86b6690/38, E_000002b5f86b6690/39, E_000002b5f86b6690/40, E_000002b5f86b6690/41, E_000002b5f86b6690/42, E_000002b5f86b6690/43, E_000002b5f86b6690/44, E_000002b5f86b6690/45, E_000002b5f86b6690/46, E_000002b5f86b6690/47, E_000002b5f86b6690/48, E_000002b5f86b6690/49, E_000002b5f86b6690/50, E_000002b5f86b6690/51, E_000002b5f86b6690/52, E_000002b5f86b6690/53, E_000002b5f86b6690/54, E_000002b5f86b6690/55, E_000002b5f86b6690/56, E_000002b5f86b6690/57, E_000002b5f86b6690/58, E_000002b5f86b6690/59, E_000002b5f86b6690/60, E_000002b5f86b6690/61, E_000002b5f86b6690/62, E_000002b5f86b6690/63, E_000002b5f86b6690/64;
L_000002b5f8775460 .part v000002b5f870e2d0_0, 2, 8;
S_000002b5f86f3430 .scope module, "register_file" "Register_file" 7 126, 5 1 0, S_000002b5f85f5f40;
 .timescale 0 0;
    .port_info 0 /INPUT 1 "clk";
    .port_info 1 /INPUT 1 "reset";
    .port_info 2 /INPUT 5 "Rs1";
    .port_info 3 /INPUT 5 "Rs2";
    .port_info 4 /INPUT 5 "Rd";
    .port_info 5 /INPUT 1 "RegWrite";
    .port_info 6 /INPUT 32 "Write_data";
    .port_info 7 /OUTPUT 32 "Read_data1";
    .port_info 8 /OUTPUT 32 "Read_data2";
L_000002b5f86d5df0 .functor BUFZ 32, L_000002b5f8774e20, C4<00000000000000000000000000000000>, C4<00000000000000000000000000000000>, C4<00000000000000000000000000000000>;
L_000002b5f86d6020 .functor BUFZ 32, L_000002b5f8776180, C4<00000000000000000000000000000000>, C4<00000000000000000000000000000000>, C4<00000000000000000000000000000000>;
v000002b5f8771a80_0 .net "Rd", 4 0, v000002b5f87716c0_0;  alias, 1 drivers
v000002b5f8771da0_0 .net "Read_data1", 31 0, L_000002b5f86d5df0;  alias, 1 drivers
v000002b5f8771080_0 .net "Read_data2", 31 0, L_000002b5f86d6020;  alias, 1 drivers
v000002b5f8771760_0 .net "RegWrite", 0 0, v000002b5f8770860_0;  alias, 1 drivers
v000002b5f8771800_0 .net "Rs1", 4 0, L_000002b5f8774740;  alias, 1 drivers
v000002b5f8770c20_0 .net "Rs2", 4 0, L_000002b5f8776360;  alias, 1 drivers
v000002b5f8772020_0 .net "Write_data", 31 0, L_000002b5f8775c80;  alias, 1 drivers
v000002b5f8770e00_0 .net *"_ivl_0", 31 0, L_000002b5f8774e20;  1 drivers
v000002b5f8771d00_0 .net *"_ivl_10", 6 0, L_000002b5f8774ec0;  1 drivers
L_000002b5f877a778 .functor BUFT 1, C4<00>, C4<0>, C4<0>, C4<0>;
v000002b5f8770540_0 .net *"_ivl_13", 1 0, L_000002b5f877a778;  1 drivers
v000002b5f87709a0_0 .net *"_ivl_2", 6 0, L_000002b5f8776220;  1 drivers
L_000002b5f877a730 .functor BUFT 1, C4<00>, C4<0>, C4<0>, C4<0>;
v000002b5f8770900_0 .net *"_ivl_5", 1 0, L_000002b5f877a730;  1 drivers
v000002b5f87711c0_0 .net *"_ivl_8", 31 0, L_000002b5f8776180;  1 drivers
v000002b5f8771b20_0 .net "clk", 0 0, v000002b5f8772b90_0;  alias, 1 drivers
v000002b5f8771580_0 .var/i "i", 31 0;
v000002b5f87723e0 .array "registers", 31 0, 31 0;
v000002b5f8770ae0_0 .net "reset", 0 0, v000002b5f87731d0_0;  alias, 1 drivers
L_000002b5f8774e20 .array/port v000002b5f87723e0, L_000002b5f8776220;
L_000002b5f8776220 .concat [ 5 2 0 0], L_000002b5f8774740, L_000002b5f877a730;
L_000002b5f8776180 .array/port v000002b5f87723e0, L_000002b5f8774ec0;
L_000002b5f8774ec0 .concat [ 5 2 0 0], L_000002b5f8776360, L_000002b5f877a778;
    .scope S_000002b5f86e4b40;
T_0 ;
    %wait E_000002b5f86b3450;
    %pushi/vec4 1, 0, 1;
    %store/vec4 v000002b5f86c8fa0_0, 0, 1;
    %pushi/vec4 1, 0, 1;
    %store/vec4 v000002b5f86c8280_0, 0, 1;
    %pushi/vec4 0, 0, 1;
    %store/vec4 v000002b5f86c9680_0, 0, 1;
    %load/vec4 v000002b5f86c8f00_0;
    %flag_set/vec4 10;
    %flag_get/vec4 10;
    %jmp/0 T_0.3, 10;
    %load/vec4 v000002b5f86c9c20_0;
    %pad/u 32;
    %pushi/vec4 0, 0, 32;
    %cmp/ne;
    %flag_get/vec4 4;
    %and;
T_0.3;
    %flag_set/vec4 9;
    %flag_get/vec4 9;
    %jmp/0 T_0.2, 9;
    %load/vec4 v000002b5f86c9c20_0;
    %load/vec4 v000002b5f86c8140_0;
    %cmp/e;
    %flag_get/vec4 4;
    %jmp/1 T_0.4, 4;
    %load/vec4 v000002b5f86c9c20_0;
    %load/vec4 v000002b5f86c8c80_0;
    %cmp/e;
    %flag_get/vec4 4;
    %or;
T_0.4;
    %and;
T_0.2;
    %flag_set/vec4 8;
    %jmp/0xz  T_0.0, 8;
    %pushi/vec4 0, 0, 1;
    %store/vec4 v000002b5f86c8fa0_0, 0, 1;
    %pushi/vec4 0, 0, 1;
    %store/vec4 v000002b5f86c8280_0, 0, 1;
    %pushi/vec4 1, 0, 1;
    %store/vec4 v000002b5f86c9680_0, 0, 1;
T_0.0 ;
    %jmp T_0;
    .thread T_0, $push;
    .scope S_000002b5f85f5db0;
T_1 ;
    %wait E_000002b5f86b4390;
    %load/vec4 v000002b5f86abdc0_0;
    %flag_set/vec4 8;
    %jmp/0xz  T_1.0, 8;
    %pushi/vec4 0, 0, 32;
    %store/vec4 v000002b5f86ac040_0, 0, 32;
T_1.2 ;
    %load/vec4 v000002b5f86ac040_0;
    %cmpi/s 32, 0, 32;
    %jmp/0xz T_1.3, 5;
    %pushi/vec4 0, 0, 32;
    %ix/getv/s 3, v000002b5f86ac040_0;
    %ix/load 4, 0, 0; Constant delay
    %assign/vec4/a/d v000002b5f86ab460, 0, 4;
    %load/vec4 v000002b5f86ac040_0;
    %addi 1, 0, 32;
    %store/vec4 v000002b5f86ac040_0, 0, 32;
    %jmp T_1.2;
T_1.3 ;
    %jmp T_1.1;
T_1.0 ;
    %load/vec4 v000002b5f86c86e0_0;
    %flag_set/vec4 9;
    %flag_get/vec4 9;
    %jmp/0 T_1.6, 9;
    %load/vec4 v000002b5f86c9860_0;
    %pad/u 32;
    %pushi/vec4 0, 0, 32;
    %cmp/ne;
    %flag_get/vec4 4;
    %and;
T_1.6;
    %flag_set/vec4 8;
    %jmp/0xz  T_1.4, 8;
    %load/vec4 v000002b5f86c9ae0_0;
    %load/vec4 v000002b5f86c9860_0;
    %pad/u 7;
    %ix/vec4 3;
    %ix/load 4, 0, 0; Constant delay
    %assign/vec4/a/d v000002b5f86ab460, 0, 4;
    %vpi_call 5 26 "$display", "WRITE: x%0d <= %h at time %0t", v000002b5f86c9860_0, v000002b5f86c9ae0_0, $time {0 0 0};
T_1.4 ;
T_1.1 ;
    %jmp T_1;
    .thread T_1;
    .scope S_000002b5f85f6c40;
T_2 ;
    %wait E_000002b5f86b4290;
    %load/vec4 v000002b5f86c85a0_0;
    %dup/vec4;
    %pushi/vec4 3, 0, 7;
    %cmp/u;
    %jmp/1 T_2.0, 6;
    %dup/vec4;
    %pushi/vec4 35, 0, 7;
    %cmp/u;
    %jmp/1 T_2.1, 6;
    %dup/vec4;
    %pushi/vec4 99, 0, 7;
    %cmp/u;
    %jmp/1 T_2.2, 6;
    %dup/vec4;
    %pushi/vec4 19, 0, 7;
    %cmp/u;
    %jmp/1 T_2.3, 6;
    %dup/vec4;
    %pushi/vec4 27, 0, 7;
    %cmp/u;
    %jmp/1 T_2.4, 6;
    %pushi/vec4 0, 0, 32;
    %store/vec4 v000002b5f86c97c0_0, 0, 32;
    %jmp T_2.6;
T_2.0 ;
    %load/vec4 v000002b5f86c8320_0;
    %parti/s 1, 31, 6;
    %replicate 20;
    %load/vec4 v000002b5f86c8320_0;
    %parti/s 12, 20, 6;
    %concat/vec4; draw_concat_vec4
    %store/vec4 v000002b5f86c97c0_0, 0, 32;
    %jmp T_2.6;
T_2.1 ;
    %load/vec4 v000002b5f86c8320_0;
    %parti/s 1, 31, 6;
    %replicate 20;
    %load/vec4 v000002b5f86c8320_0;
    %parti/s 7, 25, 6;
    %concat/vec4; draw_concat_vec4
    %load/vec4 v000002b5f86c8320_0;
    %parti/s 5, 7, 4;
    %concat/vec4; draw_concat_vec4
    %store/vec4 v000002b5f86c97c0_0, 0, 32;
    %jmp T_2.6;
T_2.2 ;
    %load/vec4 v000002b5f86c8320_0;
    %parti/s 1, 31, 6;
    %replicate 19;
    %load/vec4 v000002b5f86c8320_0;
    %parti/s 1, 31, 6;
    %concat/vec4; draw_concat_vec4
    %load/vec4 v000002b5f86c8320_0;
    %parti/s 1, 7, 4;
    %concat/vec4; draw_concat_vec4
    %load/vec4 v000002b5f86c8320_0;
    %parti/s 6, 25, 6;
    %concat/vec4; draw_concat_vec4
    %load/vec4 v000002b5f86c8320_0;
    %parti/s 4, 8, 5;
    %concat/vec4; draw_concat_vec4
    %concati/vec4 0, 0, 1;
    %store/vec4 v000002b5f86c97c0_0, 0, 32;
    %jmp T_2.6;
T_2.3 ;
    %load/vec4 v000002b5f86c8320_0;
    %parti/s 1, 31, 6;
    %replicate 20;
    %load/vec4 v000002b5f86c8320_0;
    %parti/s 12, 20, 6;
    %concat/vec4; draw_concat_vec4
    %store/vec4 v000002b5f86c97c0_0, 0, 32;
    %jmp T_2.6;
T_2.4 ;
    %load/vec4 v000002b5f86c8320_0;
    %parti/s 1, 31, 6;
    %replicate 20;
    %load/vec4 v000002b5f86c8320_0;
    %parti/s 12, 20, 6;
    %concat/vec4; draw_concat_vec4
    %store/vec4 v000002b5f86c97c0_0, 0, 32;
    %jmp T_2.6;
T_2.6 ;
    %pop/vec4 1;
    %jmp T_2;
    .thread T_2, $push;
    .scope S_000002b5f86f3750;
T_3 ;
    %wait E_000002b5f86b6690;
    %load/vec4 v000002b5f87705e0_0;
    %pad/u 10;
    %ix/vec4 4;
    %load/vec4a v000002b5f8770720, 4;
    %parti/s 1, 1, 2;
    %store/vec4 v000002b5f8771c60_0, 0, 1;
    %jmp T_3;
    .thread T_3, $push;
    .scope S_000002b5f86f3750;
T_4 ;
    %wait E_000002b5f86b6a90;
    %load/vec4 v000002b5f8771bc0_0;
    %flag_set/vec4 8;
    %jmp/0xz  T_4.0, 8;
    %pushi/vec4 0, 0, 32;
    %store/vec4 v000002b5f8771ee0_0, 0, 32;
T_4.2 ;
    %load/vec4 v000002b5f8771ee0_0;
    %cmpi/s 256, 0, 32;
    %jmp/0xz T_4.3, 5;
    %pushi/vec4 1, 0, 2;
    %ix/getv/s 3, v000002b5f8771ee0_0;
    %ix/load 4, 0, 0; Constant delay
    %assign/vec4/a/d v000002b5f8770720, 0, 4;
    %load/vec4 v000002b5f8771ee0_0;
    %addi 1, 0, 32;
    %store/vec4 v000002b5f8771ee0_0, 0, 32;
    %jmp T_4.2;
T_4.3 ;
    %jmp T_4.1;
T_4.0 ;
    %load/vec4 v000002b5f8770fe0_0;
    %flag_set/vec4 8;
    %jmp/0xz  T_4.4, 8;
    %load/vec4 v000002b5f8771120_0;
    %flag_set/vec4 8;
    %jmp/0xz  T_4.6, 8;
    %load/vec4 v000002b5f87705e0_0;
    %pad/u 10;
    %ix/vec4 4;
    %load/vec4a v000002b5f8770720, 4;
    %cmpi/ne 3, 0, 2;
    %jmp/0xz  T_4.8, 4;
    %load/vec4 v000002b5f87705e0_0;
    %pad/u 10;
    %ix/vec4 4;
    %load/vec4a v000002b5f8770720, 4;
    %addi 1, 0, 2;
    %load/vec4 v000002b5f87705e0_0;
    %pad/u 10;
    %ix/vec4 3;
    %ix/load 4, 0, 0; Constant delay
    %assign/vec4/a/d v000002b5f8770720, 0, 4;
T_4.8 ;
    %jmp T_4.7;
T_4.6 ;
    %load/vec4 v000002b5f87705e0_0;
    %pad/u 10;
    %ix/vec4 4;
    %load/vec4a v000002b5f8770720, 4;
    %cmpi/ne 0, 0, 2;
    %jmp/0xz  T_4.10, 4;
    %load/vec4 v000002b5f87705e0_0;
    %pad/u 10;
    %ix/vec4 4;
    %load/vec4a v000002b5f8770720, 4;
    %subi 1, 0, 2;
    %load/vec4 v000002b5f87705e0_0;
    %pad/u 10;
    %ix/vec4 3;
    %ix/load 4, 0, 0; Constant delay
    %assign/vec4/a/d v000002b5f8770720, 0, 4;
T_4.10 ;
T_4.7 ;
T_4.4 ;
T_4.1 ;
    %jmp T_4;
    .thread T_4;
    .scope S_000002b5f8622d40;
T_5 ;
    %wait E_000002b5f86b6a90;
    %load/vec4 v000002b5f870d970_0;
    %flag_set/vec4 8;
    %jmp/0xz  T_5.0, 8;
    %pushi/vec4 0, 0, 32;
    %assign/vec4 v000002b5f870e2d0_0, 0;
    %jmp T_5.1;
T_5.0 ;
    %load/vec4 v000002b5f870d8d0_0;
    %assign/vec4 v000002b5f870e2d0_0, 0;
T_5.1 ;
    %jmp T_5;
    .thread T_5;
    .scope S_000002b5f8622ed0;
T_6 ;
    %pushi/vec4 0, 0, 32;
    %store/vec4 v000002b5f870e190_0, 0, 32;
T_6.0 ;
    %load/vec4 v000002b5f870e190_0;
    %cmpi/s 256, 0, 32;
    %jmp/0xz T_6.1, 5;
    %pushi/vec4 0, 0, 32;
    %ix/getv/s 4, v000002b5f870e190_0;
    %store/vec4a v000002b5f870c570, 4, 0;
    %load/vec4 v000002b5f870e190_0;
    %addi 1, 0, 32;
    %store/vec4 v000002b5f870e190_0, 0, 32;
    %jmp T_6.0;
T_6.1 ;
    %vpi_call 17 13 "$readmemh", "looptb.hex", v000002b5f870c570 {0 0 0};
    %end;
    .thread T_6;
    .scope S_000002b5f862df60;
T_7 ;
    %wait E_000002b5f86b6350;
    %vpi_call 15 17 "$display", "FETCH: PC=%0d instruction=%h", v000002b5f870e620_0, v000002b5f870f340_0 {0 0 0};
    %jmp T_7;
    .thread T_7;
    .scope S_000002b5f86f2f80;
T_8 ;
    %wait E_000002b5f86b6a90;
    %load/vec4 v000002b5f8766ac0_0;
    %flag_set/vec4 8;
    %jmp/1 T_8.2, 8;
    %load/vec4 v000002b5f8766a20_0;
    %flag_set/vec4 9;
    %flag_or 8, 9;
T_8.2;
    %jmp/0xz  T_8.0, 8;
    %pushi/vec4 0, 0, 32;
    %assign/vec4 v000002b5f87668e0_0, 0;
    %pushi/vec4 0, 0, 32;
    %assign/vec4 v000002b5f8766660_0, 0;
    %jmp T_8.1;
T_8.0 ;
    %load/vec4 v000002b5f8768280_0;
    %flag_set/vec4 8;
    %jmp/0xz  T_8.3, 8;
    %load/vec4 v000002b5f8766840_0;
    %assign/vec4 v000002b5f87668e0_0, 0;
    %load/vec4 v000002b5f87681e0_0;
    %assign/vec4 v000002b5f8766660_0, 0;
T_8.3 ;
T_8.1 ;
    %jmp T_8;
    .thread T_8;
    .scope S_000002b5f86f3430;
T_9 ;
    %wait E_000002b5f86b6a90;
    %load/vec4 v000002b5f8770ae0_0;
    %flag_set/vec4 8;
    %jmp/0xz  T_9.0, 8;
    %pushi/vec4 0, 0, 32;
    %store/vec4 v000002b5f8771580_0, 0, 32;
T_9.2 ;
    %load/vec4 v000002b5f8771580_0;
    %cmpi/s 32, 0, 32;
    %jmp/0xz T_9.3, 5;
    %pushi/vec4 0, 0, 32;
    %ix/getv/s 3, v000002b5f8771580_0;
    %ix/load 4, 0, 0; Constant delay
    %assign/vec4/a/d v000002b5f87723e0, 0, 4;
    %load/vec4 v000002b5f8771580_0;
    %addi 1, 0, 32;
    %store/vec4 v000002b5f8771580_0, 0, 32;
    %jmp T_9.2;
T_9.3 ;
    %jmp T_9.1;
T_9.0 ;
    %load/vec4 v000002b5f8771760_0;
    %flag_set/vec4 9;
    %flag_get/vec4 9;
    %jmp/0 T_9.6, 9;
    %load/vec4 v000002b5f8771a80_0;
    %pad/u 32;
    %pushi/vec4 0, 0, 32;
    %cmp/ne;
    %flag_get/vec4 4;
    %and;
T_9.6;
    %flag_set/vec4 8;
    %jmp/0xz  T_9.4, 8;
    %load/vec4 v000002b5f8772020_0;
    %load/vec4 v000002b5f8771a80_0;
    %pad/u 7;
    %ix/vec4 3;
    %ix/load 4, 0, 0; Constant delay
    %assign/vec4/a/d v000002b5f87723e0, 0, 4;
    %vpi_call 5 26 "$display", "WRITE: x%0d <= %h at time %0t", v000002b5f8771a80_0, v000002b5f8772020_0, $time {0 0 0};
T_9.4 ;
T_9.1 ;
    %jmp T_9;
    .thread T_9;
    .scope S_000002b5f86f2df0;
T_10 ;
    %wait E_000002b5f86b6710;
    %load/vec4 v000002b5f8767ba0_0;
    %dup/vec4;
    %pushi/vec4 3, 0, 7;
    %cmp/u;
    %jmp/1 T_10.0, 6;
    %dup/vec4;
    %pushi/vec4 35, 0, 7;
    %cmp/u;
    %jmp/1 T_10.1, 6;
    %dup/vec4;
    %pushi/vec4 99, 0, 7;
    %cmp/u;
    %jmp/1 T_10.2, 6;
    %dup/vec4;
    %pushi/vec4 19, 0, 7;
    %cmp/u;
    %jmp/1 T_10.3, 6;
    %dup/vec4;
    %pushi/vec4 27, 0, 7;
    %cmp/u;
    %jmp/1 T_10.4, 6;
    %pushi/vec4 0, 0, 32;
    %store/vec4 v000002b5f8766fc0_0, 0, 32;
    %jmp T_10.6;
T_10.0 ;
    %load/vec4 v000002b5f8766ca0_0;
    %parti/s 1, 31, 6;
    %replicate 20;
    %load/vec4 v000002b5f8766ca0_0;
    %parti/s 12, 20, 6;
    %concat/vec4; draw_concat_vec4
    %store/vec4 v000002b5f8766fc0_0, 0, 32;
    %jmp T_10.6;
T_10.1 ;
    %load/vec4 v000002b5f8766ca0_0;
    %parti/s 1, 31, 6;
    %replicate 20;
    %load/vec4 v000002b5f8766ca0_0;
    %parti/s 7, 25, 6;
    %concat/vec4; draw_concat_vec4
    %load/vec4 v000002b5f8766ca0_0;
    %parti/s 5, 7, 4;
    %concat/vec4; draw_concat_vec4
    %store/vec4 v000002b5f8766fc0_0, 0, 32;
    %jmp T_10.6;
T_10.2 ;
    %load/vec4 v000002b5f8766ca0_0;
    %parti/s 1, 31, 6;
    %replicate 19;
    %load/vec4 v000002b5f8766ca0_0;
    %parti/s 1, 31, 6;
    %concat/vec4; draw_concat_vec4
    %load/vec4 v000002b5f8766ca0_0;
    %parti/s 1, 7, 4;
    %concat/vec4; draw_concat_vec4
    %load/vec4 v000002b5f8766ca0_0;
    %parti/s 6, 25, 6;
    %concat/vec4; draw_concat_vec4
    %load/vec4 v000002b5f8766ca0_0;
    %parti/s 4, 8, 5;
    %concat/vec4; draw_concat_vec4
    %concati/vec4 0, 0, 1;
    %store/vec4 v000002b5f8766fc0_0, 0, 32;
    %jmp T_10.6;
T_10.3 ;
    %load/vec4 v000002b5f8766ca0_0;
    %parti/s 1, 31, 6;
    %replicate 20;
    %load/vec4 v000002b5f8766ca0_0;
    %parti/s 12, 20, 6;
    %concat/vec4; draw_concat_vec4
    %store/vec4 v000002b5f8766fc0_0, 0, 32;
    %jmp T_10.6;
T_10.4 ;
    %load/vec4 v000002b5f8766ca0_0;
    %parti/s 1, 31, 6;
    %replicate 20;
    %load/vec4 v000002b5f8766ca0_0;
    %parti/s 12, 20, 6;
    %concat/vec4; draw_concat_vec4
    %store/vec4 v000002b5f8766fc0_0, 0, 32;
    %jmp T_10.6;
T_10.6 ;
    %pop/vec4 1;
    %jmp T_10;
    .thread T_10, $push;
    .scope S_000002b5f861a190;
T_11 ;
    %wait E_000002b5f86b44d0;
    %load/vec4 v000002b5f87567e0_0;
    %dup/vec4;
    %pushi/vec4 51, 0, 7;
    %cmp/u;
    %jmp/1 T_11.0, 6;
    %dup/vec4;
    %pushi/vec4 19, 0, 7;
    %cmp/u;
    %jmp/1 T_11.1, 6;
    %dup/vec4;
    %pushi/vec4 27, 0, 7;
    %cmp/u;
    %jmp/1 T_11.2, 6;
    %dup/vec4;
    %pushi/vec4 3, 0, 7;
    %cmp/u;
    %jmp/1 T_11.3, 6;
    %dup/vec4;
    %pushi/vec4 35, 0, 7;
    %cmp/u;
    %jmp/1 T_11.4, 6;
    %dup/vec4;
    %pushi/vec4 99, 0, 7;
    %cmp/u;
    %jmp/1 T_11.5, 6;
    %pushi/vec4 0, 0, 1;
    %store/vec4 v000002b5f8758040_0, 0, 1;
    %pushi/vec4 0, 0, 1;
    %store/vec4 v000002b5f8757460_0, 0, 1;
    %pushi/vec4 0, 0, 1;
    %store/vec4 v000002b5f8757aa0_0, 0, 1;
    %pushi/vec4 0, 0, 1;
    %store/vec4 v000002b5f87564c0_0, 0, 1;
    %pushi/vec4 0, 0, 1;
    %store/vec4 v000002b5f8757e60_0, 0, 1;
    %pushi/vec4 0, 0, 1;
    %store/vec4 v000002b5f8756b00_0, 0, 1;
    %pushi/vec4 0, 0, 2;
    %store/vec4 v000002b5f8756e20_0, 0, 2;
    %jmp T_11.7;
T_11.0 ;
    %pushi/vec4 0, 0, 1;
    %store/vec4 v000002b5f8758040_0, 0, 1;
    %pushi/vec4 0, 0, 1;
    %store/vec4 v000002b5f8757460_0, 0, 1;
    %pushi/vec4 0, 0, 1;
    %store/vec4 v000002b5f8757aa0_0, 0, 1;
    %pushi/vec4 0, 0, 1;
    %store/vec4 v000002b5f87564c0_0, 0, 1;
    %pushi/vec4 0, 0, 1;
    %store/vec4 v000002b5f8757e60_0, 0, 1;
    %pushi/vec4 1, 0, 1;
    %store/vec4 v000002b5f8756b00_0, 0, 1;
    %pushi/vec4 2, 0, 2;
    %store/vec4 v000002b5f8756e20_0, 0, 2;
    %jmp T_11.7;
T_11.1 ;
    %pushi/vec4 0, 0, 1;
    %store/vec4 v000002b5f8758040_0, 0, 1;
    %pushi/vec4 0, 0, 1;
    %store/vec4 v000002b5f8757460_0, 0, 1;
    %pushi/vec4 0, 0, 1;
    %store/vec4 v000002b5f8757aa0_0, 0, 1;
    %pushi/vec4 0, 0, 1;
    %store/vec4 v000002b5f87564c0_0, 0, 1;
    %pushi/vec4 1, 0, 1;
    %store/vec4 v000002b5f8757e60_0, 0, 1;
    %pushi/vec4 1, 0, 1;
    %store/vec4 v000002b5f8756b00_0, 0, 1;
    %pushi/vec4 2, 0, 2;
    %store/vec4 v000002b5f8756e20_0, 0, 2;
    %jmp T_11.7;
T_11.2 ;
    %pushi/vec4 0, 0, 1;
    %store/vec4 v000002b5f8758040_0, 0, 1;
    %pushi/vec4 0, 0, 1;
    %store/vec4 v000002b5f8757460_0, 0, 1;
    %pushi/vec4 0, 0, 1;
    %store/vec4 v000002b5f8757aa0_0, 0, 1;
    %pushi/vec4 0, 0, 1;
    %store/vec4 v000002b5f87564c0_0, 0, 1;
    %pushi/vec4 1, 0, 1;
    %store/vec4 v000002b5f8757e60_0, 0, 1;
    %pushi/vec4 1, 0, 1;
    %store/vec4 v000002b5f8756b00_0, 0, 1;
    %pushi/vec4 3, 0, 2;
    %store/vec4 v000002b5f8756e20_0, 0, 2;
    %jmp T_11.7;
T_11.3 ;
    %pushi/vec4 0, 0, 1;
    %store/vec4 v000002b5f8758040_0, 0, 1;
    %pushi/vec4 1, 0, 1;
    %store/vec4 v000002b5f8757460_0, 0, 1;
    %pushi/vec4 1, 0, 1;
    %store/vec4 v000002b5f8757aa0_0, 0, 1;
    %pushi/vec4 0, 0, 1;
    %store/vec4 v000002b5f87564c0_0, 0, 1;
    %pushi/vec4 1, 0, 1;
    %store/vec4 v000002b5f8757e60_0, 0, 1;
    %pushi/vec4 1, 0, 1;
    %store/vec4 v000002b5f8756b00_0, 0, 1;
    %pushi/vec4 0, 0, 2;
    %store/vec4 v000002b5f8756e20_0, 0, 2;
    %jmp T_11.7;
T_11.4 ;
    %pushi/vec4 0, 0, 1;
    %store/vec4 v000002b5f8758040_0, 0, 1;
    %pushi/vec4 0, 0, 1;
    %store/vec4 v000002b5f8757460_0, 0, 1;
    %pushi/vec4 0, 0, 1;
    %store/vec4 v000002b5f8757aa0_0, 0, 1;
    %pushi/vec4 1, 0, 1;
    %store/vec4 v000002b5f87564c0_0, 0, 1;
    %pushi/vec4 1, 0, 1;
    %store/vec4 v000002b5f8757e60_0, 0, 1;
    %pushi/vec4 0, 0, 1;
    %store/vec4 v000002b5f8756b00_0, 0, 1;
    %pushi/vec4 0, 0, 2;
    %store/vec4 v000002b5f8756e20_0, 0, 2;
    %jmp T_11.7;
T_11.5 ;
    %pushi/vec4 1, 0, 1;
    %store/vec4 v000002b5f8758040_0, 0, 1;
    %pushi/vec4 0, 0, 1;
    %store/vec4 v000002b5f8757460_0, 0, 1;
    %pushi/vec4 0, 0, 1;
    %store/vec4 v000002b5f8757aa0_0, 0, 1;
    %pushi/vec4 0, 0, 1;
    %store/vec4 v000002b5f87564c0_0, 0, 1;
    %pushi/vec4 0, 0, 1;
    %store/vec4 v000002b5f8757e60_0, 0, 1;
    %pushi/vec4 0, 0, 1;
    %store/vec4 v000002b5f8756b00_0, 0, 1;
    %pushi/vec4 1, 0, 2;
    %store/vec4 v000002b5f8756e20_0, 0, 2;
    %jmp T_11.7;
T_11.7 ;
    %pop/vec4 1;
    %jmp T_11;
    .thread T_11, $push;
    .scope S_000002b5f86f2c60;
T_12 ;
    %wait E_000002b5f86b6a90;
    %load/vec4 v000002b5f8767a60_0;
    %flag_set/vec4 8;
    %jmp/1 T_12.3, 8;
    %load/vec4 v000002b5f87683c0_0;
    %flag_set/vec4 9;
    %flag_or 8, 9;
T_12.3;
    %jmp/1 T_12.2, 8;
    %load/vec4 v000002b5f87677e0_0;
    %flag_set/vec4 9;
    %flag_or 8, 9;
T_12.2;
    %jmp/0xz  T_12.0, 8;
    %pushi/vec4 0, 0, 32;
    %assign/vec4 v000002b5f8768000_0, 0;
    %pushi/vec4 0, 0, 32;
    %assign/vec4 v000002b5f87674c0_0, 0;
    %pushi/vec4 0, 0, 32;
    %assign/vec4 v000002b5f8766f20_0, 0;
    %pushi/vec4 0, 0, 32;
    %assign/vec4 v000002b5f8767600_0, 0;
    %pushi/vec4 0, 0, 5;
    %assign/vec4 v000002b5f8768140_0, 0;
    %pushi/vec4 0, 0, 5;
    %assign/vec4 v000002b5f8766700_0, 0;
    %pushi/vec4 0, 0, 5;
    %assign/vec4 v000002b5f8767100_0, 0;
    %pushi/vec4 0, 0, 3;
    %assign/vec4 v000002b5f8767b00_0, 0;
    %pushi/vec4 0, 0, 7;
    %assign/vec4 v000002b5f8767920_0, 0;
    %pushi/vec4 0, 0, 1;
    %assign/vec4 v000002b5f8766520_0, 0;
    %pushi/vec4 0, 0, 1;
    %assign/vec4 v000002b5f8767ec0_0, 0;
    %pushi/vec4 0, 0, 1;
    %assign/vec4 v000002b5f87667a0_0, 0;
    %pushi/vec4 0, 0, 1;
    %assign/vec4 v000002b5f8767060_0, 0;
    %pushi/vec4 0, 0, 1;
    %assign/vec4 v000002b5f8766de0_0, 0;
    %pushi/vec4 0, 0, 2;
    %assign/vec4 v000002b5f87676a0_0, 0;
    %pushi/vec4 0, 0, 1;
    %assign/vec4 v000002b5f870ea80_0, 0;
    %jmp T_12.1;
T_12.0 ;
    %load/vec4 v000002b5f87680a0_0;
    %assign/vec4 v000002b5f8768000_0, 0;
    %load/vec4 v000002b5f8767240_0;
    %assign/vec4 v000002b5f87674c0_0, 0;
    %load/vec4 v000002b5f87671a0_0;
    %assign/vec4 v000002b5f8766f20_0, 0;
    %load/vec4 v000002b5f8767d80_0;
    %assign/vec4 v000002b5f8767600_0, 0;
    %load/vec4 v000002b5f8766c00_0;
    %assign/vec4 v000002b5f8768140_0, 0;
    %load/vec4 v000002b5f8767880_0;
    %assign/vec4 v000002b5f8766700_0, 0;
    %load/vec4 v000002b5f8767e20_0;
    %assign/vec4 v000002b5f8767100_0, 0;
    %load/vec4 v000002b5f8767f60_0;
    %assign/vec4 v000002b5f8767b00_0, 0;
    %load/vec4 v000002b5f87665c0_0;
    %assign/vec4 v000002b5f8767920_0, 0;
    %load/vec4 v000002b5f8767420_0;
    %assign/vec4 v000002b5f8766520_0, 0;
    %load/vec4 v000002b5f87679c0_0;
    %assign/vec4 v000002b5f8767ec0_0, 0;
    %load/vec4 v000002b5f8766980_0;
    %assign/vec4 v000002b5f87667a0_0, 0;
    %load/vec4 v000002b5f8767380_0;
    %assign/vec4 v000002b5f8767060_0, 0;
    %load/vec4 v000002b5f8766e80_0;
    %assign/vec4 v000002b5f8766de0_0, 0;
    %load/vec4 v000002b5f870eb20_0;
    %assign/vec4 v000002b5f87676a0_0, 0;
    %load/vec4 v000002b5f870e9e0_0;
    %assign/vec4 v000002b5f870ea80_0, 0;
T_12.1 ;
    %jmp T_12;
    .thread T_12;
    .scope S_000002b5f86f2c60;
T_13 ;
    %wait E_000002b5f86b6350;
    %vpi_call 22 80 "$display", "ID/EX passing imm=%h, ALUSrc=%b, funct3=%b, funct7=%b", v000002b5f8767600_0, v000002b5f870ea80_0, v000002b5f8767b00_0, v000002b5f8767920_0 {0 0 0};
    %jmp T_13;
    .thread T_13;
    .scope S_000002b5f862ddd0;
T_14 ;
    %wait E_000002b5f86b62d0;
    %load/vec4 v000002b5f870d6f0_0;
    %flag_set/vec4 10;
    %flag_get/vec4 10;
    %jmp/0 T_14.3, 10;
    %load/vec4 v000002b5f870d150_0;
    %pad/u 32;
    %pushi/vec4 0, 0, 32;
    %cmp/ne;
    %flag_get/vec4 4;
    %and;
T_14.3;
    %flag_set/vec4 9;
    %flag_get/vec4 9;
    %jmp/0 T_14.2, 9;
    %load/vec4 v000002b5f870d150_0;
    %load/vec4 v000002b5f870ce30_0;
    %cmp/e;
    %flag_get/vec4 4;
    %and;
T_14.2;
    %flag_set/vec4 8;
    %jmp/0xz  T_14.0, 8;
    %pushi/vec4 2, 0, 2;
    %store/vec4 v000002b5f870dfb0_0, 0, 2;
    %jmp T_14.1;
T_14.0 ;
    %load/vec4 v000002b5f870ced0_0;
    %flag_set/vec4 10;
    %flag_get/vec4 10;
    %jmp/0 T_14.7, 10;
    %load/vec4 v000002b5f870ccf0_0;
    %pad/u 32;
    %pushi/vec4 0, 0, 32;
    %cmp/ne;
    %flag_get/vec4 4;
    %and;
T_14.7;
    %flag_set/vec4 9;
    %flag_get/vec4 9;
    %jmp/0 T_14.6, 9;
    %load/vec4 v000002b5f870ccf0_0;
    %load/vec4 v000002b5f870ce30_0;
    %cmp/e;
    %flag_get/vec4 4;
    %and;
T_14.6;
    %flag_set/vec4 8;
    %jmp/0xz  T_14.4, 8;
    %pushi/vec4 1, 0, 2;
    %store/vec4 v000002b5f870dfb0_0, 0, 2;
    %jmp T_14.5;
T_14.4 ;
    %pushi/vec4 0, 0, 2;
    %store/vec4 v000002b5f870dfb0_0, 0, 2;
T_14.5 ;
T_14.1 ;
    %load/vec4 v000002b5f870d6f0_0;
    %flag_set/vec4 10;
    %flag_get/vec4 10;
    %jmp/0 T_14.11, 10;
    %load/vec4 v000002b5f870d150_0;
    %pad/u 32;
    %pushi/vec4 0, 0, 32;
    %cmp/ne;
    %flag_get/vec4 4;
    %and;
T_14.11;
    %flag_set/vec4 9;
    %flag_get/vec4 9;
    %jmp/0 T_14.10, 9;
    %load/vec4 v000002b5f870d150_0;
    %load/vec4 v000002b5f870e0f0_0;
    %cmp/e;
    %flag_get/vec4 4;
    %and;
T_14.10;
    %flag_set/vec4 8;
    %jmp/0xz  T_14.8, 8;
    %pushi/vec4 2, 0, 2;
    %store/vec4 v000002b5f870d1f0_0, 0, 2;
    %jmp T_14.9;
T_14.8 ;
    %load/vec4 v000002b5f870ced0_0;
    %flag_set/vec4 10;
    %flag_get/vec4 10;
    %jmp/0 T_14.15, 10;
    %load/vec4 v000002b5f870ccf0_0;
    %pad/u 32;
    %pushi/vec4 0, 0, 32;
    %cmp/ne;
    %flag_get/vec4 4;
    %and;
T_14.15;
    %flag_set/vec4 9;
    %flag_get/vec4 9;
    %jmp/0 T_14.14, 9;
    %load/vec4 v000002b5f870ccf0_0;
    %load/vec4 v000002b5f870e0f0_0;
    %cmp/e;
    %flag_get/vec4 4;
    %and;
T_14.14;
    %flag_set/vec4 8;
    %jmp/0xz  T_14.12, 8;
    %pushi/vec4 1, 0, 2;
    %store/vec4 v000002b5f870d1f0_0, 0, 2;
    %jmp T_14.13;
T_14.12 ;
    %pushi/vec4 0, 0, 2;
    %store/vec4 v000002b5f870d1f0_0, 0, 2;
T_14.13 ;
T_14.9 ;
    %jmp T_14;
    .thread T_14, $push;
    .scope S_000002b5f862c8c0;
T_15 ;
    %wait E_000002b5f86b5810;
    %load/vec4 v000002b5f8756ce0_0;
    %dup/vec4;
    %pushi/vec4 0, 0, 2;
    %cmp/u;
    %jmp/1 T_15.0, 6;
    %dup/vec4;
    %pushi/vec4 1, 0, 2;
    %cmp/u;
    %jmp/1 T_15.1, 6;
    %dup/vec4;
    %pushi/vec4 2, 0, 2;
    %cmp/u;
    %jmp/1 T_15.2, 6;
    %dup/vec4;
    %pushi/vec4 3, 0, 2;
    %cmp/u;
    %jmp/1 T_15.3, 6;
    %pushi/vec4 0, 0, 4;
    %store/vec4 v000002b5f87580e0_0, 0, 4;
    %jmp T_15.5;
T_15.0 ;
    %pushi/vec4 2, 0, 4;
    %store/vec4 v000002b5f87580e0_0, 0, 4;
    %jmp T_15.5;
T_15.1 ;
    %load/vec4 v000002b5f8756ec0_0;
    %dup/vec4;
    %pushi/vec4 0, 0, 3;
    %cmp/u;
    %jmp/1 T_15.6, 6;
    %dup/vec4;
    %pushi/vec4 1, 0, 3;
    %cmp/u;
    %jmp/1 T_15.7, 6;
    %pushi/vec4 0, 0, 4;
    %store/vec4 v000002b5f87580e0_0, 0, 4;
    %jmp T_15.9;
T_15.6 ;
    %pushi/vec4 6, 0, 4;
    %store/vec4 v000002b5f87580e0_0, 0, 4;
    %jmp T_15.9;
T_15.7 ;
    %pushi/vec4 6, 0, 4;
    %store/vec4 v000002b5f87580e0_0, 0, 4;
    %jmp T_15.9;
T_15.9 ;
    %pop/vec4 1;
    %jmp T_15.5;
T_15.2 ;
    %load/vec4 v000002b5f8757c80_0;
    %load/vec4 v000002b5f8756ec0_0;
    %concat/vec4; draw_concat_vec4
    %dup/vec4;
    %pushi/vec4 0, 0, 10;
    %cmp/u;
    %jmp/1 T_15.10, 6;
    %dup/vec4;
    %pushi/vec4 256, 0, 10;
    %cmp/u;
    %jmp/1 T_15.11, 6;
    %pushi/vec4 15, 0, 4;
    %store/vec4 v000002b5f87580e0_0, 0, 4;
    %jmp T_15.13;
T_15.10 ;
    %pushi/vec4 2, 0, 4;
    %store/vec4 v000002b5f87580e0_0, 0, 4;
    %jmp T_15.13;
T_15.11 ;
    %pushi/vec4 6, 0, 4;
    %store/vec4 v000002b5f87580e0_0, 0, 4;
    %jmp T_15.13;
T_15.13 ;
    %pop/vec4 1;
    %jmp T_15.5;
T_15.3 ;
    %load/vec4 v000002b5f8757c80_0;
    %load/vec4 v000002b5f8756ec0_0;
    %concat/vec4; draw_concat_vec4
    %dup/vec4;
    %pushi/vec4 0, 0, 10;
    %cmp/u;
    %jmp/1 T_15.14, 6;
    %pushi/vec4 15, 0, 4;
    %store/vec4 v000002b5f87580e0_0, 0, 4;
    %jmp T_15.16;
T_15.14 ;
    %pushi/vec4 2, 0, 4;
    %store/vec4 v000002b5f87580e0_0, 0, 4;
    %jmp T_15.16;
T_15.16 ;
    %pop/vec4 1;
    %jmp T_15.5;
T_15.5 ;
    %pop/vec4 1;
    %jmp T_15;
    .thread T_15, $push;
    .scope S_000002b5f862ca50;
T_16 ;
    %wait E_000002b5f86b5bd0;
    %load/vec4 v000002b5f8756920_0;
    %dup/vec4;
    %pushi/vec4 0, 0, 4;
    %cmp/u;
    %jmp/1 T_16.0, 6;
    %dup/vec4;
    %pushi/vec4 1, 0, 4;
    %cmp/u;
    %jmp/1 T_16.1, 6;
    %dup/vec4;
    %pushi/vec4 2, 0, 4;
    %cmp/u;
    %jmp/1 T_16.2, 6;
    %dup/vec4;
    %pushi/vec4 3, 0, 4;
    %cmp/u;
    %jmp/1 T_16.3, 6;
    %dup/vec4;
    %pushi/vec4 4, 0, 4;
    %cmp/u;
    %jmp/1 T_16.4, 6;
    %pushi/vec4 0, 0, 32;
    %store/vec4 v000002b5f8756880_0, 0, 32;
    %jmp T_16.6;
T_16.0 ;
    %load/vec4 v000002b5f8757dc0_0;
    %store/vec4 v000002b5f8756880_0, 0, 32;
    %jmp T_16.6;
T_16.1 ;
    %load/vec4 v000002b5f8756c40_0;
    %store/vec4 v000002b5f8756880_0, 0, 32;
    %jmp T_16.6;
T_16.2 ;
    %load/vec4 v000002b5f8757fa0_0;
    %load/vec4 v000002b5f8758360_0;
    %or;
    %store/vec4 v000002b5f8756880_0, 0, 32;
    %jmp T_16.6;
T_16.3 ;
    %load/vec4 v000002b5f8757fa0_0;
    %load/vec4 v000002b5f8758360_0;
    %and;
    %store/vec4 v000002b5f8756880_0, 0, 32;
    %jmp T_16.6;
T_16.4 ;
    %load/vec4 v000002b5f8757fa0_0;
    %load/vec4 v000002b5f8758360_0;
    %xor;
    %store/vec4 v000002b5f8756880_0, 0, 32;
    %jmp T_16.6;
T_16.6 ;
    %pop/vec4 1;
    %jmp T_16;
    .thread T_16, $push;
    .scope S_000002b5f861a320;
T_17 ;
    %wait E_000002b5f86b5290;
    %load/vec4 v000002b5f870c750_0;
    %dup/vec4;
    %pushi/vec4 0, 0, 2;
    %cmp/u;
    %jmp/1 T_17.0, 6;
    %dup/vec4;
    %pushi/vec4 2, 0, 2;
    %cmp/u;
    %jmp/1 T_17.1, 6;
    %dup/vec4;
    %pushi/vec4 1, 0, 2;
    %cmp/u;
    %jmp/1 T_17.2, 6;
    %load/vec4 v000002b5f870d790_0;
    %store/vec4 v000002b5f870db50_0, 0, 32;
    %jmp T_17.4;
T_17.0 ;
    %load/vec4 v000002b5f870d790_0;
    %store/vec4 v000002b5f870db50_0, 0, 32;
    %jmp T_17.4;
T_17.1 ;
    %load/vec4 v000002b5f870d830_0;
    %store/vec4 v000002b5f870db50_0, 0, 32;
    %jmp T_17.4;
T_17.2 ;
    %load/vec4 v000002b5f870ca70_0;
    %store/vec4 v000002b5f870db50_0, 0, 32;
    %jmp T_17.4;
T_17.4 ;
    %pop/vec4 1;
    %load/vec4 v000002b5f870da10_0;
    %dup/vec4;
    %pushi/vec4 0, 0, 2;
    %cmp/u;
    %jmp/1 T_17.5, 6;
    %dup/vec4;
    %pushi/vec4 2, 0, 2;
    %cmp/u;
    %jmp/1 T_17.6, 6;
    %dup/vec4;
    %pushi/vec4 1, 0, 2;
    %cmp/u;
    %jmp/1 T_17.7, 6;
    %load/vec4 v000002b5f870c4d0_0;
    %store/vec4 v000002b5f870d650_0, 0, 32;
    %jmp T_17.9;
T_17.5 ;
    %load/vec4 v000002b5f870c4d0_0;
    %store/vec4 v000002b5f870d650_0, 0, 32;
    %jmp T_17.9;
T_17.6 ;
    %load/vec4 v000002b5f870d830_0;
    %store/vec4 v000002b5f870d650_0, 0, 32;
    %jmp T_17.9;
T_17.7 ;
    %load/vec4 v000002b5f870ca70_0;
    %store/vec4 v000002b5f870d650_0, 0, 32;
    %jmp T_17.9;
T_17.9 ;
    %pop/vec4 1;
    %jmp T_17;
    .thread T_17, $push;
    .scope S_000002b5f861a320;
T_18 ;
    %wait E_000002b5f86b5990;
    %load/vec4 v000002b5f870d290_0;
    %dup/vec4;
    %pushi/vec4 0, 0, 3;
    %cmp/u;
    %jmp/1 T_18.0, 6;
    %dup/vec4;
    %pushi/vec4 1, 0, 3;
    %cmp/u;
    %jmp/1 T_18.1, 6;
    %dup/vec4;
    %pushi/vec4 4, 0, 3;
    %cmp/u;
    %jmp/1 T_18.2, 6;
    %dup/vec4;
    %pushi/vec4 5, 0, 3;
    %cmp/u;
    %jmp/1 T_18.3, 6;
    %dup/vec4;
    %pushi/vec4 6, 0, 3;
    %cmp/u;
    %jmp/1 T_18.4, 6;
    %dup/vec4;
    %pushi/vec4 7, 0, 3;
    %cmp/u;
    %jmp/1 T_18.5, 6;
    %pushi/vec4 0, 0, 1;
    %store/vec4 v000002b5f870d010_0, 0, 1;
    %jmp T_18.7;
T_18.0 ;
    %load/vec4 v000002b5f870db50_0;
    %load/vec4 v000002b5f870d650_0;
    %cmp/e;
    %flag_get/vec4 4;
    %store/vec4 v000002b5f870d010_0, 0, 1;
    %jmp T_18.7;
T_18.1 ;
    %load/vec4 v000002b5f870db50_0;
    %load/vec4 v000002b5f870d650_0;
    %cmp/ne;
    %flag_get/vec4 4;
    %store/vec4 v000002b5f870d010_0, 0, 1;
    %jmp T_18.7;
T_18.2 ;
    %load/vec4 v000002b5f870db50_0;
    %load/vec4 v000002b5f870d650_0;
    %cmp/s;
    %flag_get/vec4 5;
    %store/vec4 v000002b5f870d010_0, 0, 1;
    %jmp T_18.7;
T_18.3 ;
    %load/vec4 v000002b5f870d650_0;
    %load/vec4 v000002b5f870db50_0;
    %cmp/s;
    %flag_get/vec4 4;
    %flag_get/vec4 5;
    %or;
    %store/vec4 v000002b5f870d010_0, 0, 1;
    %jmp T_18.7;
T_18.4 ;
    %load/vec4 v000002b5f870db50_0;
    %load/vec4 v000002b5f870d650_0;
    %cmp/u;
    %flag_get/vec4 5;
    %store/vec4 v000002b5f870d010_0, 0, 1;
    %jmp T_18.7;
T_18.5 ;
    %load/vec4 v000002b5f870d650_0;
    %load/vec4 v000002b5f870db50_0;
    %cmp/u;
    %flag_get/vec4 4;
    %flag_get/vec4 5;
    %or;
    %store/vec4 v000002b5f870d010_0, 0, 1;
    %jmp T_18.7;
T_18.7 ;
    %pop/vec4 1;
    %jmp T_18;
    .thread T_18, $push;
    .scope S_000002b5f86f2940;
T_19 ;
    %wait E_000002b5f86b6a90;
    %load/vec4 v000002b5f870e940_0;
    %flag_set/vec4 8;
    %jmp/0xz  T_19.0, 8;
    %pushi/vec4 0, 0, 32;
    %assign/vec4 v000002b5f8710240_0, 0;
    %pushi/vec4 0, 0, 32;
    %assign/vec4 v000002b5f870e760_0, 0;
    %pushi/vec4 0, 0, 5;
    %assign/vec4 v000002b5f870e580_0, 0;
    %pushi/vec4 0, 0, 1;
    %assign/vec4 v000002b5f870fd40_0, 0;
    %pushi/vec4 0, 0, 1;
    %assign/vec4 v000002b5f870fca0_0, 0;
    %pushi/vec4 0, 0, 32;
    %assign/vec4 v000002b5f870fa20_0, 0;
    %pushi/vec4 0, 0, 1;
    %assign/vec4 v000002b5f870e8a0_0, 0;
    %pushi/vec4 0, 0, 1;
    %assign/vec4 v000002b5f870ee40_0, 0;
    %pushi/vec4 0, 0, 1;
    %assign/vec4 v000002b5f870e440_0, 0;
    %pushi/vec4 0, 0, 1;
    %assign/vec4 v000002b5f870ebc0_0, 0;
    %jmp T_19.1;
T_19.0 ;
    %load/vec4 v000002b5f870f980_0;
    %assign/vec4 v000002b5f8710240_0, 0;
    %load/vec4 v000002b5f870e6c0_0;
    %assign/vec4 v000002b5f870e760_0, 0;
    %load/vec4 v000002b5f870e4e0_0;
    %assign/vec4 v000002b5f870e580_0, 0;
    %load/vec4 v000002b5f870f020_0;
    %assign/vec4 v000002b5f870fd40_0, 0;
    %load/vec4 v000002b5f870f840_0;
    %assign/vec4 v000002b5f870fca0_0, 0;
    %load/vec4 v000002b5f870f8e0_0;
    %assign/vec4 v000002b5f870fa20_0, 0;
    %load/vec4 v000002b5f870e800_0;
    %assign/vec4 v000002b5f870e8a0_0, 0;
    %load/vec4 v000002b5f87102e0_0;
    %assign/vec4 v000002b5f870ee40_0, 0;
    %load/vec4 v000002b5f870ed00_0;
    %assign/vec4 v000002b5f870e440_0, 0;
    %load/vec4 v000002b5f870fde0_0;
    %assign/vec4 v000002b5f870ebc0_0, 0;
T_19.1 ;
    %jmp T_19;
    .thread T_19;
    .scope S_000002b5f86f32a0;
T_20 ;
    %pushi/vec4 4294967295, 0, 32;
    %ix/load 3, 0, 0;
    %flag_set/imm 4, 0;
    %ix/load 4, 0, 0; Constant delay
    %assign/vec4/a/d v000002b5f870fc00, 0, 4;
    %pushi/vec4 4294967295, 0, 32;
    %ix/load 3, 1, 0;
    %flag_set/imm 4, 0;
    %ix/load 4, 0, 0; Constant delay
    %assign/vec4/a/d v000002b5f870fc00, 0, 4;
    %pushi/vec4 4294967295, 0, 32;
    %ix/load 3, 2, 0;
    %flag_set/imm 4, 0;
    %ix/load 4, 0, 0; Constant delay
    %assign/vec4/a/d v000002b5f870fc00, 0, 4;
    %pushi/vec4 4294967295, 0, 32;
    %ix/load 3, 3, 0;
    %flag_set/imm 4, 0;
    %ix/load 4, 0, 0; Constant delay
    %assign/vec4/a/d v000002b5f870fc00, 0, 4;
    %end;
    .thread T_20;
    .scope S_000002b5f86f32a0;
T_21 ;
    %wait E_000002b5f86b6350;
    %load/vec4 v000002b5f870fe80_0;
    %flag_set/vec4 8;
    %jmp/0xz  T_21.0, 8;
    %load/vec4 v000002b5f870f3e0_0;
    %load/vec4 v000002b5f870ec60_0;
    %pad/u 12;
    %ix/vec4 3;
    %ix/load 4, 0, 0; Constant delay
    %assign/vec4/a/d v000002b5f870fc00, 0, 4;
T_21.0 ;
    %jmp T_21;
    .thread T_21;
    .scope S_000002b5f86f32a0;
T_22 ;
    %wait E_000002b5f86b6ad0;
    %load/vec4 v000002b5f8710060_0;
    %flag_set/vec4 8;
    %jmp/0xz  T_22.0, 8;
    %load/vec4 v000002b5f870ec60_0;
    %pad/u 12;
    %ix/vec4 4;
    %load/vec4a v000002b5f870fc00, 4;
    %store/vec4 v000002b5f870eda0_0, 0, 32;
    %jmp T_22.1;
T_22.0 ;
    %pushi/vec4 0, 0, 32;
    %store/vec4 v000002b5f870eda0_0, 0, 32;
T_22.1 ;
    %jmp T_22;
    .thread T_22, $push;
    .scope S_000002b5f86f35c0;
T_23 ;
    %wait E_000002b5f86b6a90;
    %load/vec4 v000002b5f8770ea0_0;
    %flag_set/vec4 8;
    %jmp/0xz  T_23.0, 8;
    %pushi/vec4 0, 0, 32;
    %assign/vec4 v000002b5f87707c0_0, 0;
    %pushi/vec4 0, 0, 32;
    %assign/vec4 v000002b5f8766d40_0, 0;
    %pushi/vec4 0, 0, 5;
    %assign/vec4 v000002b5f87716c0_0, 0;
    %pushi/vec4 0, 0, 1;
    %assign/vec4 v000002b5f8770860_0, 0;
    %pushi/vec4 0, 0, 1;
    %assign/vec4 v000002b5f8767c40_0, 0;
    %jmp T_23.1;
T_23.0 ;
    %load/vec4 v000002b5f8767ce0_0;
    %assign/vec4 v000002b5f87707c0_0, 0;
    %load/vec4 v000002b5f8768320_0;
    %assign/vec4 v000002b5f8766d40_0, 0;
    %load/vec4 v000002b5f8770a40_0;
    %assign/vec4 v000002b5f87716c0_0, 0;
    %load/vec4 v000002b5f8771f80_0;
    %assign/vec4 v000002b5f8770860_0, 0;
    %load/vec4 v000002b5f8767740_0;
    %assign/vec4 v000002b5f8767c40_0, 0;
T_23.1 ;
    %jmp T_23;
    .thread T_23;
    .scope S_000002b5f86f35c0;
T_24 ;
    %wait E_000002b5f86b6350;
    %vpi_call 24 32 "$display", "MEM_WB: rd=%d, regWrite=%b, alu_result=%h, mem_data=%h", v000002b5f87716c0_0, v000002b5f8770860_0, v000002b5f8766d40_0, v000002b5f87707c0_0 {0 0 0};
    %jmp T_24;
    .thread T_24;
    .scope S_000002b5f85f6ab0;
T_25 ;
    %delay 5, 0;
    %load/vec4 v000002b5f8772b90_0;
    %inv;
    %store/vec4 v000002b5f8772b90_0, 0, 1;
    %jmp T_25;
    .thread T_25;
    .scope S_000002b5f85f6ab0;
T_26 ;
    %pushi/vec4 0, 0, 1;
    %store/vec4 v000002b5f8772b90_0, 0, 1;
    %vpi_call 6 10 "$display", "Running Loop/Branch test..." {0 0 0};
    %pushi/vec4 1, 0, 1;
    %store/vec4 v000002b5f87731d0_0, 0, 1;
    %delay 20, 0;
    %pushi/vec4 0, 0, 1;
    %store/vec4 v000002b5f87731d0_0, 0, 1;
    %delay 1200, 0;
    %vpi_call 6 15 "$display", "x1 = %h", &A<v000002b5f87723e0, 1> {0 0 0};
    %vpi_call 6 16 "$display", "x2 = %h (should match expected loop result)", &A<v000002b5f87723e0, 2> {0 0 0};
    %vpi_call 6 17 "$display", "x3 = %h", &A<v000002b5f87723e0, 3> {0 0 0};
    %vpi_call 6 19 "$finish" {0 0 0};
    %end;
    .thread T_26;
# The file index is used to find the file name in the following table.
:file_names 26;
    "N/A";
    "<interactive>";
    "./hazard_detection_unit.v";
    "./ID_stage.v";
    "./ImmG.v";
    "./Register.v";
    "loop_branch_tb.v";
    "./processor.v";
    "./Control_Unit.v";
    "./EXE_stage.v";
    "./ALU_Control.v";
    "./ALU.v";
    "./adder.v";
    "./subtractor.v";
    "./forwarding_unit.v";
    "./IF_stage.v";
    "./PC.v";
    "./Instruction_Memory.v";
    "./MEM_stage.v";
    "./Data_memory.v";
    "./WB_stage.v";
    "./EX_MEM.v";
    "./ID_EX.v";
    "./IF_ID.v";
    "./MEM_WB.v";
    "./branch_predictor.v";
